f_name,l_name,date,utr
Andrej,Martin,2025-05-12,13.92
Andrej,Martin,2025-05-05,13.92
Andrej,Martin,2025-04-28,13.90
Andrej,Martin,2025-04-21,13.88
Andrej,Martin,2025-04-14,13.87
Andrej,Martin,2025-04-07,13.89
Andrej,Martin,2025-03-31,13.92
Andrej,Martin,2025-03-24,13.89
Andrej,Martin,2025-03-17,13.86
Andrej,Martin,2025-03-10,13.89
Andrej,Martin,2025-03-03,13.90
Andrej,Martin,2025-02-24,13.90
Andrej,Martin,2025-02-17,13.92
Andrej,Martin,2025-02-10,13.93
Andrej,Martin,2025-02-03,13.94
Andrej,Martin,2025-01-27,13.94
Andrej,Martin,2025-01-20,13.94
Andrej,Martin,2025-01-13,13.93
Andrej,Martin,2025-01-06,13.92
Andrej,Martin,2024-12-30,13.92
Andrej,Martin,2024-12-23,13.92
Andrej,Martin,2024-12-16,13.91
Andrej,Martin,2024-12-09,13.90
Andrej,Martin,2024-12-02,13.86
Andrej,Martin,2024-11-25,13.84
Andrej,Martin,2024-11-18,13.84
Andrej,Martin,2024-11-11,13.85
Andrej,Martin,2024-11-04,13.85
Andrej,Martin,2024-10-28,13.86
Andrej,Martin,2024-10-21,13.89
Andrej,Martin,2024-10-14,13.91
Andrej,Martin,2024-10-07,13.93
Andrej,Martin,2024-09-30,13.94
Andrej,Martin,2024-09-23,13.94
Andrej,Martin,2024-09-16,13.94
Andrej,Martin,2024-09-09,13.94
Andrej,Martin,2024-09-02,13.88
Andrej,Martin,2024-08-26,13.87
Andrej,Martin,2024-08-19,13.86
Andrej,Martin,2024-08-12,13.85
Andrej,Martin,2024-08-05,13.86
Andrej,Martin,2024-07-29,13.97
Andrej,Martin,2024-07-22,14.04
Andrej,Martin,2024-07-15,13.99
Andrej,Martin,2024-07-08,13.93
Andrej,Martin,2024-07-01,13.80
Andrej,Martin,2023-07-24,14.32
Andrej,Martin,2023-07-17,14.34
Andrej,Martin,2023-07-10,14.34
Andrej,Martin,2023-07-03,14.33
Andrej,Martin,2023-06-26,14.30
Andrej,Martin,2023-06-19,14.25
Andrej,Martin,2023-06-12,14.18
Andrej,Martin,2023-06-05,14.15
Andrej,Martin,2023-05-29,14.08
Andrej,Martin,2023-05-22,14.04
Andrej,Martin,2023-05-15,14.05
Andrej,Martin,2023-05-08,14.04
Andrej,Martin,2023-05-01,14.03
Andrej,Martin,2023-04-24,13.97
Andrej,Martin,2023-04-17,14.00
Andrej,Martin,2023-04-10,14.01
Andrej,Martin,2023-04-03,14.01
Andrej,Martin,2023-03-27,14.04
Andrej,Martin,2023-03-13,14.06
Andrej,Martin,2023-02-27,14.06
Andrej,Martin,2023-02-13,14.08
Andrej,Martin,2023-02-06,14.08
Andrej,Martin,2023-01-30,14.08
Andrej,Martin,2023-01-23,14.07
Andrej,Martin,2023-01-16,14.06
Andrej,Martin,2023-01-09,14.06
Andrej,Martin,2023-01-02,14.06
Andrej,Martin,2022-12-26,14.06
Andrej,Martin,2022-12-19,14.09
Andrej,Martin,2022-12-12,14.09
Andrej,Martin,2022-12-05,14.09
Andrej,Martin,2022-11-28,14.09
Andrej,Martin,2022-11-21,14.09
Andrej,Martin,2022-11-14,14.06
Andrej,Martin,2022-11-07,14.07
Andrej,Martin,2022-10-31,14.07
Andrej,Martin,2022-10-24,14.06
Andrej,Martin,2022-10-17,14.06
Andrej,Martin,2022-10-10,14.08
Andrej,Martin,2022-10-03,14.09
Andrej,Martin,2022-09-26,14.13
Andrej,Martin,2022-09-19,14.15
Andrej,Martin,2022-09-12,14.14
Andrej,Martin,2022-09-05,14.15
Andrej,Martin,2022-08-29,14.16
Andrej,Martin,2022-08-22,14.16
Andrej,Martin,2022-08-15,14.16
Andrej,Martin,2022-08-08,14.22
Andrej,Martin,2022-08-01,14.23
Andrej,Martin,2022-07-25,14.22
Andrej,Martin,2022-07-18,14.20
Andrej,Martin,2022-07-11,14.20
Andrej,Martin,2022-07-04,14.20
Andrej,Martin,2022-06-27,14.20
Andrej,Martin,2022-06-20,14.20
Andrej,Martin,2022-06-13,14.25
Andrej,Martin,2022-06-06,14.25
Andrej,Martin,2022-05-30,14.28
Andrej,Martin,2022-05-23,14.24
Andrej,Martin,2022-05-16,14.19
Andrej,Martin,2022-05-09,14.15
Andrej,Martin,2022-05-02,14.15
Andrej,Martin,2022-04-25,14.18
Andrej,Martin,2022-04-18,14.20
Andrej,Martin,2022-04-11,14.19
Andrej,Martin,2022-04-04,14.19
Andrej,Martin,2022-03-28,14.19
Andrej,Martin,2022-03-21,14.19
Andrej,Martin,2022-03-14,14.20
Andrej,Martin,2022-03-07,14.20
Andrej,Martin,2022-02-28,14.17
Andrej,Martin,2022-02-21,14.16
Andrej,Martin,2022-02-14,14.16
Andrej,Martin,2022-02-07,14.17
Andrej,Martin,2022-01-31,14.17
Andrej,Martin,2022-01-24,14.20
Andrej,Martin,2022-01-17,14.25
Andrej,Martin,2022-01-10,14.28
Andrej,Martin,2022-01-03,14.31
Andrej,Martin,2021-12-27,14.31
Andrej,Martin,2021-12-20,14.32
Andrej,Martin,2021-12-13,14.35
Andrej,Martin,2021-12-06,14.36
Andrej,Martin,2021-11-29,14.36
Andrej,Martin,2021-11-22,14.36
Andrej,Martin,2021-11-15,14.37
Andrej,Martin,2021-11-08,14.38
Andrej,Martin,2021-11-01,14.38
Andrej,Martin,2021-10-25,14.39
Andrej,Martin,2021-10-18,14.41
Andrej,Martin,2021-10-11,14.43
Andrej,Martin,2021-10-04,14.45
Andrej,Martin,2021-09-27,14.52
Andrej,Martin,2021-09-20,14.60
Andrej,Martin,2021-09-13,14.68
Andrej,Martin,2021-09-06,14.68
Andrej,Martin,2021-08-30,14.68
Andrej,Martin,2021-08-23,14.64
Andrej,Martin,2021-08-16,14.62
Andrej,Martin,2021-08-09,14.62
Andrej,Martin,2021-08-02,14.61
Andrej,Martin,2021-07-26,14.60
Andrej,Martin,2021-07-19,14.58
Andrej,Martin,2021-07-12,14.58
Andrej,Martin,2021-07-05,14.60
Andrej,Martin,2021-06-28,14.58
Andrej,Martin,2021-06-21,14.58
Andrej,Martin,2021-06-14,14.57
Andrej,Martin,2021-06-07,14.53
Andrej,Martin,2021-05-31,14.47
Andrej,Martin,2021-05-24,14.37
Andrej,Martin,2021-05-17,14.37
Andrej,Martin,2021-05-02,14.33
Andrej,Martin,2021-04-26,14.30
Andrej,Martin,2021-03-29,14.39
Andrej,Martin,2021-03-15,14.40
Andrej,Martin,2021-03-01,14.42
Andrej,Martin,2021-02-22,14.41
Andrej,Martin,2021-02-15,14.41
Andrej,Martin,2021-02-08,14.47
Andrej,Martin,2021-02-02,14.48
Andrej,Martin,2021-01-04,14.50
Andrej,Martin,2020-12-28,14.51
Andrej,Martin,2020-12-21,14.52
Andrej,Martin,2020-12-14,14.48
Andrej,Martin,2020-12-07,14.45
Andrej,Martin,2020-11-30,14.44
Andrej,Martin,2020-11-23,14.40
Andrej,Martin,2020-11-16,14.38
Andrej,Martin,2020-11-09,14.38
Andrej,Martin,2020-11-02,14.40
Andrej,Martin,2020-10-26,14.45
Andrej,Martin,2020-10-19,14.50
Andrej,Martin,2020-10-12,14.61
Andrej,Martin,2020-10-05,14.56
Andrej,Martin,2020-09-28,14.50
Andrej,Martin,2020-09-21,14.50
Andrej,Martin,2020-09-14,14.48
Andrej,Martin,2020-09-07,14.55
Andrej,Martin,2020-08-31,14.60
Andrej,Martin,2020-08-24,14.61
Andrej,Martin,2020-08-17,14.63
Andrej,Martin,2020-08-10,14.68
Andrej,Martin,2020-08-03,14.74
Andrej,Martin,2020-07-27,14.79
Andrej,Martin,2020-07-20,14.83
Andrej,Martin,2020-07-13,14.87
Andrej,Martin,2020-07-06,14.87
Andrej,Martin,2020-06-29,14.87
Andrej,Martin,2020-06-22,14.88
Andrej,Martin,2020-06-15,14.89
Andrej,Martin,2020-06-08,14.89
Andrej,Martin,2020-06-01,14.89
Andrej,Martin,2020-05-25,14.89
Andrej,Martin,2020-05-18,14.89
Andrej,Martin,2020-05-11,14.89
Andrej,Martin,2020-05-04,14.89
Andrej,Martin,2020-04-27,14.89
Andrej,Martin,2020-04-20,14.89
Andrej,Martin,2020-04-13,14.89
Andrej,Martin,2020-04-06,14.89
Andrej,Martin,2020-03-30,14.89
Andrej,Martin,2020-03-23,14.89
Andrej,Martin,2020-03-16,14.91
Andrej,Martin,2020-03-09,14.93
Andrej,Martin,2020-03-02,14.92
Andrej,Martin,2020-02-24,14.93
Andrej,Martin,2020-02-17,14.95
Andrej,Martin,2020-02-10,14.90
Andrej,Martin,2020-02-03,14.82
Andrej,Martin,2020-01-27,14.80
Andrej,Martin,2020-01-20,14.80
Andrej,Martin,2020-01-13,14.82
Andrej,Martin,2020-01-06,14.83
Andrej,Martin,2019-12-30,14.83
Andrej,Martin,2019-12-23,14.83
Andrej,Martin,2019-12-16,14.83
Andrej,Martin,2019-12-09,14.83
Andrej,Martin,2019-12-02,14.84
Andrej,Martin,2019-11-25,14.84
Andrej,Martin,2019-11-18,14.82
Andrej,Martin,2019-11-11,14.82
Andrej,Martin,2019-11-04,14.85
Andrej,Martin,2019-10-28,14.89
Andrej,Martin,2019-10-21,14.92
Andrej,Martin,2019-10-14,14.93
Andrej,Martin,2019-10-14,14.93
Andrej,Martin,2019-10-07,14.96
Andrej,Martin,2019-09-30,15.00
Andrej,Martin,2019-09-23,15.01
Andrej,Martin,2019-09-16,15.00
Andrej,Martin,2019-09-09,15.00
Andrej,Martin,2019-09-02,15.02
Andrej,Martin,2019-08-26,15.02
Andrej,Martin,2019-08-19,15.07
Andrej,Martin,2019-08-12,15.08
Andrej,Martin,2019-08-05,15.06
Andrej,Martin,2019-07-29,15.08
Andrej,Martin,2019-07-22,15.08
Andrej,Martin,2019-07-16,15.07
Andrej,Martin,2019-07-15,15.07
Andrej,Martin,2019-07-08,15.10
Andrej,Martin,2019-07-01,15.13
Andrej,Martin,2019-06-24,15.13
Andrej,Martin,2019-06-22,15.12
Andrej,Martin,2019-06-17,15.09
Andrej,Martin,2019-06-10,15.04
Andrej,Martin,2019-06-03,15.07
Andrej,Martin,2019-05-27,15.08
Andrej,Martin,2019-05-20,15.06
Andrej,Martin,2019-05-13,14.95
Andrej,Martin,2019-05-06,14.72
Andrej,Martin,2019-04-29,14.68
Andrej,Martin,2019-04-29,14.68
Andrej,Martin,2019-04-22,14.67
Andrej,Martin,2019-04-19,14.67
Andrej,Martin,2019-04-15,14.67
Andrej,Martin,2019-04-15,14.67
Andrej,Martin,2019-04-08,14.67
Andrej,Martin,2019-04-01,14.67
Andrej,Martin,2019-03-25,14.67
Andrej,Martin,2019-03-18,14.67
Andrej,Martin,2019-03-11,14.65
Andrej,Martin,2019-03-04,14.66
Andrej,Martin,2019-02-25,14.64
Andrej,Martin,2019-02-18,14.64
Andrej,Martin,2019-02-11,14.65
Andrej,Martin,2019-02-04,14.63
Andrej,Martin,2019-02-04,14.63
Andrej,Martin,2019-01-28,14.63
Andrej,Martin,2019-01-21,14.63
Andrej,Martin,2019-01-14,14.67
Andrej,Martin,2019-01-07,14.68
Andrej,Martin,2018-12-31,14.75
Andrej,Martin,2018-12-24,14.76
Andrej,Martin,2018-12-17,14.77
Andrej,Martin,2018-12-10,14.78
Andrej,Martin,2018-12-03,14.82
Andrej,Martin,2018-11-26,14.84
Andrej,Martin,2018-11-19,14.86
Andrej,Martin,2018-11-12,14.86
Andrej,Martin,2018-11-05,14.86
Andrej,Martin,2018-10-29,14.86
Andrej,Martin,2018-10-22,14.92
Andrej,Martin,2018-10-15,14.97
Andrej,Martin,2018-10-08,14.98
Andrej,Martin,2018-10-01,14.99
Andrej,Martin,2018-09-24,15.00
Andrej,Martin,2018-09-17,15.07
Andrej,Martin,2018-09-10,15.11
Andrej,Martin,2018-09-03,15.12
Andrej,Martin,2018-08-27,15.17
Andrej,Martin,2018-08-20,15.16
Andrej,Martin,2018-08-13,14.99
Andrej,Martin,2018-08-06,14.96
Andrej,Martin,2018-07-30,15.04
Andrej,Martin,2018-07-23,15.05
Andrej,Martin,2018-07-16,15.09
Andrej,Martin,2018-07-09,15.10
Andrej,Martin,2018-07-02,15.12
Andrej,Martin,2018-06-25,15.15
Andrej,Martin,2018-06-18,15.19
Andrej,Martin,2018-06-11,15.26
Andrej,Martin,2018-06-04,15.26
Andrej,Martin,2018-05-28,15.24
Andrej,Martin,2018-05-21,15.21
Andrej,Martin,2018-05-14,15.21
Andrej,Martin,2018-05-07,15.22
Andrej,Martin,2018-04-30,15.20
Andrej,Martin,2018-04-23,15.17
Andrej,Martin,2018-04-16,15.19
Andrej,Martin,2018-04-09,15.19
Andrej,Martin,2018-04-02,15.20
Andrej,Martin,2018-03-26,15.20
Andrej,Martin,2018-03-19,15.20
Andrej,Martin,2018-03-12,15.20
Andrej,Martin,2018-03-05,15.23
Andrej,Martin,2018-02-26,15.23
Andrej,Martin,2018-02-19,15.24
Andrej,Martin,2018-02-12,15.21
Andrej,Martin,2018-02-05,15.13
Andrej,Martin,2018-01-29,15.09
Andrej,Martin,2018-01-22,15.09
Andrej,Martin,2018-01-15,15.09
Andrej,Martin,2018-01-08,15.10
Andrej,Martin,2018-01-04,15.10
Andrej,Martin,2018-01-01,15.10
Andrej,Martin,2017-12-25,15.10
Andrej,Martin,2017-12-18,15.11
Andrej,Martin,2017-12-11,15.12
Andrej,Martin,2017-12-04,15.13
Andrej,Martin,2017-11-27,15.13
Andrej,Martin,2017-11-20,15.12
Andrej,Martin,2017-11-13,15.12
Andrej,Martin,2017-11-06,15.07
Andrej,Martin,2017-10-30,15.04
Andrej,Martin,2017-10-23,15.08
Andrej,Martin,2017-10-16,15.14
Andrej,Martin,2017-10-09,15.17
Andrej,Martin,2017-10-02,15.18
Andrej,Martin,2017-09-25,15.19
Andrej,Martin,2017-09-18,15.19
Andrej,Martin,2017-09-11,15.20
Andrej,Martin,2017-09-04,15.21
Andrej,Martin,2017-08-28,15.22
Andrej,Martin,2017-08-21,15.23
Andrej,Martin,2017-08-14,15.21
Andrej,Martin,2017-08-07,15.12
Andrej,Martin,2017-07-31,15.09
Andrej,Martin,2017-07-24,14.98
Andrej,Martin,2017-07-17,14.98
Andrej,Martin,2017-07-10,15.00
Andrej,Martin,2017-07-03,14.99
Andrej,Martin,2017-06-26,15.00
Andrej,Martin,2017-06-19,15.03
Andrej,Martin,2017-06-12,15.13
Andrej,Martin,2017-06-05,15.15
Andrej,Martin,2017-05-29,15.15
Andrej,Martin,2017-05-22,15.14
Andrej,Martin,2017-05-15,15.11
Andrej,Martin,2017-05-08,14.96
Andrej,Martin,2017-05-01,14.99
Andrej,Martin,2017-04-24,15.00
Andrej,Martin,2017-04-17,15.03
Andrej,Martin,2017-04-10,15.05
Andrej,Martin,2017-04-03,15.12
Andrej,Martin,2017-03-27,15.11
Andrej,Martin,2017-03-20,15.07
Andrej,Martin,2017-03-13,15.10
Andrej,Martin,2017-03-06,15.12
Andrej,Martin,2017-02-27,15.09
Andrej,Martin,2017-02-20,14.88
Andrej,Martin,2017-02-13,14.89
Andrej,Martin,2017-02-07,14.91
Andrej,Martin,2017-01-30,14.91
Andrej,Martin,2017-01-23,14.93
Andrej,Martin,2017-01-16,14.92
Andrej,Martin,2017-01-09,14.94
Andrej,Martin,2017-01-02,14.94
Andrej,Martin,2016-12-26,14.92
Andrej,Martin,2016-12-19,14.92
Andrej,Martin,2016-12-12,14.92
Andrej,Martin,2016-12-05,14.91
Andrej,Martin,2016-11-28,14.90
Andrej,Martin,2016-11-21,14.92
Andrej,Martin,2016-11-14,15.01
Andrej,Martin,2016-11-07,15.03
Andrej,Martin,2016-10-31,15.04
Andrej,Martin,2016-10-24,15.05
Andrej,Martin,2016-10-17,15.05
Andrej,Martin,2016-10-10,15.12
Andrej,Martin,2016-10-03,15.15
Andrej,Martin,2016-09-26,15.16
Andrej,Martin,2016-09-19,15.21
Andrej,Martin,2016-09-12,15.22
Andrej,Martin,2016-09-05,15.22
Andrej,Martin,2016-08-29,15.25
Andrej,Martin,2016-08-22,15.03
Andrej,Martin,2016-08-15,15.02
Andrej,Martin,2016-08-08,14.94
Andrej,Martin,2016-08-01,14.83
Andrej,Martin,2016-07-25,14.80
Andrej,Martin,2016-07-18,14.74
Andrej,Martin,2016-07-11,14.74
Andrej,Martin,2016-07-04,14.75
Andrej,Martin,2016-06-27,14.76
Danilo,Petrovic,2023-03-13,13.86
Danilo,Petrovic,2023-02-27,13.11
Danilo,Petrovic,2023-02-13,13.10
Danilo,Petrovic,2023-02-06,13.10
Danilo,Petrovic,2023-01-30,13.10
Danilo,Petrovic,2023-01-23,13.10
Danilo,Petrovic,2023-01-16,13.10
Danilo,Petrovic,2023-01-09,13.10
Danilo,Petrovic,2023-01-02,13.10
Danilo,Petrovic,2022-12-26,13.09
Danilo,Petrovic,2022-12-19,13.09
Danilo,Petrovic,2022-12-12,13.09
Danilo,Petrovic,2022-12-05,13.09
Danilo,Petrovic,2022-11-28,13.09
Danilo,Petrovic,2022-11-21,13.15
Danilo,Petrovic,2022-11-14,13.19
Danilo,Petrovic,2022-11-07,13.19
Danilo,Petrovic,2022-10-31,13.22
Danilo,Petrovic,2022-10-24,13.28
Danilo,Petrovic,2022-10-17,13.27
Danilo,Petrovic,2022-10-10,13.27
Danilo,Petrovic,2022-10-03,13.25
Danilo,Petrovic,2022-09-26,13.21
Danilo,Petrovic,2022-09-19,13.25
Danilo,Petrovic,2022-09-12,13.25
Danilo,Petrovic,2022-09-05,13.26
Danilo,Petrovic,2022-08-29,13.35
Danilo,Petrovic,2022-08-22,13.36
Danilo,Petrovic,2022-08-15,13.36
Danilo,Petrovic,2022-08-08,13.38
Danilo,Petrovic,2022-08-01,13.40
Danilo,Petrovic,2022-07-25,13.58
Danilo,Petrovic,2022-07-18,13.70
Danilo,Petrovic,2022-07-11,13.74
Danilo,Petrovic,2022-07-04,13.75
Danilo,Petrovic,2022-06-27,13.72
Danilo,Petrovic,2022-06-20,13.70
Danilo,Petrovic,2022-06-13,13.70
Danilo,Petrovic,2022-06-06,13.70
Danilo,Petrovic,2022-05-30,13.70
Danilo,Petrovic,2022-05-23,13.70
Danilo,Petrovic,2022-05-16,13.71
Danilo,Petrovic,2022-05-09,13.70
Danilo,Petrovic,2022-05-02,13.70
Danilo,Petrovic,2022-04-25,13.69
Danilo,Petrovic,2022-04-18,13.69
Danilo,Petrovic,2022-04-11,13.69
Danilo,Petrovic,2022-04-04,13.68
Danilo,Petrovic,2022-03-28,13.66
Danilo,Petrovic,2022-03-21,13.66
Danilo,Petrovic,2022-03-14,13.66
Danilo,Petrovic,2022-03-07,13.81
Danilo,Petrovic,2022-02-28,13.97
Danilo,Petrovic,2022-02-21,13.97
Danilo,Petrovic,2022-02-14,13.97
Danilo,Petrovic,2022-02-07,13.98
Danilo,Petrovic,2022-01-31,13.98
Danilo,Petrovic,2022-01-24,14.00
Danilo,Petrovic,2022-01-17,14.04
Danilo,Petrovic,2022-01-10,14.06
Danilo,Petrovic,2022-01-03,14.07
Danilo,Petrovic,2021-12-27,14.07
Danilo,Petrovic,2021-12-20,14.07
Danilo,Petrovic,2021-12-13,14.07
Danilo,Petrovic,2021-12-06,14.07
Danilo,Petrovic,2021-11-29,14.08
Danilo,Petrovic,2021-11-22,14.08
Danilo,Petrovic,2021-11-15,14.09
Danilo,Petrovic,2021-11-08,14.09
Danilo,Petrovic,2021-11-01,14.09
Danilo,Petrovic,2021-10-25,14.10
Danilo,Petrovic,2021-10-18,14.12
Danilo,Petrovic,2021-10-11,14.12
Danilo,Petrovic,2021-10-04,14.13
Danilo,Petrovic,2021-09-27,14.13
Danilo,Petrovic,2021-09-20,14.25
Danilo,Petrovic,2021-09-13,14.38
Danilo,Petrovic,2021-09-06,14.40
Danilo,Petrovic,2021-08-30,14.40
Danilo,Petrovic,2021-08-23,14.41
Danilo,Petrovic,2021-08-16,14.40
Danilo,Petrovic,2021-08-09,14.38
Danilo,Petrovic,2021-08-02,14.37
Danilo,Petrovic,2021-07-26,14.37
Danilo,Petrovic,2021-07-19,14.37
Danilo,Petrovic,2021-07-12,14.35
Danilo,Petrovic,2021-07-05,14.31
Danilo,Petrovic,2021-06-28,14.31
Danilo,Petrovic,2021-06-21,14.31
Danilo,Petrovic,2021-06-14,14.29
Danilo,Petrovic,2021-06-07,14.28
Danilo,Petrovic,2021-05-31,14.24
Danilo,Petrovic,2021-05-24,14.17
Danilo,Petrovic,2021-05-17,14.18
Danilo,Petrovic,2021-05-02,14.21
Danilo,Petrovic,2021-04-26,14.20
Danilo,Petrovic,2021-03-29,14.14
Danilo,Petrovic,2021-03-15,14.21
Danilo,Petrovic,2021-03-01,14.32
Danilo,Petrovic,2021-02-22,14.48
Danilo,Petrovic,2021-02-15,14.54
Danilo,Petrovic,2021-02-08,14.56
Danilo,Petrovic,2021-02-02,14.56
Danilo,Petrovic,2021-01-04,14.63
Danilo,Petrovic,2020-12-28,14.63
Danilo,Petrovic,2020-12-21,14.63
Danilo,Petrovic,2020-12-14,14.63
Danilo,Petrovic,2020-12-07,14.63
Danilo,Petrovic,2020-11-30,14.63
Danilo,Petrovic,2020-11-23,14.63
Danilo,Petrovic,2020-11-16,14.64
Danilo,Petrovic,2020-11-09,14.65
Danilo,Petrovic,2020-11-02,14.65
Danilo,Petrovic,2020-10-26,14.65
Danilo,Petrovic,2020-10-19,14.61
Danilo,Petrovic,2020-10-12,14.57
Danilo,Petrovic,2020-10-05,14.54
Danilo,Petrovic,2020-09-28,14.56
Danilo,Petrovic,2020-09-21,14.62
Danilo,Petrovic,2020-09-14,14.58
Danilo,Petrovic,2020-09-07,14.57
Danilo,Petrovic,2020-08-31,14.60
Danilo,Petrovic,2020-08-24,14.65
Danilo,Petrovic,2020-08-17,14.69
Danilo,Petrovic,2020-08-10,14.69
Danilo,Petrovic,2020-08-03,14.71
Danilo,Petrovic,2020-07-27,14.76
Danilo,Petrovic,2020-07-20,14.78
Danilo,Petrovic,2020-07-13,14.78
Danilo,Petrovic,2020-07-06,14.80
Danilo,Petrovic,2020-06-29,14.83
Danilo,Petrovic,2020-06-22,14.86
Danilo,Petrovic,2020-06-15,14.86
Danilo,Petrovic,2020-06-08,14.86
Danilo,Petrovic,2020-06-01,14.86
Danilo,Petrovic,2020-05-25,14.86
Danilo,Petrovic,2020-05-18,14.86
Danilo,Petrovic,2020-05-11,14.86
Danilo,Petrovic,2020-05-04,14.86
Danilo,Petrovic,2020-04-27,14.86
Danilo,Petrovic,2020-04-20,14.86
Danilo,Petrovic,2020-04-13,14.86
Danilo,Petrovic,2020-04-06,14.86
Danilo,Petrovic,2020-03-30,14.86
Danilo,Petrovic,2020-03-23,14.86
Danilo,Petrovic,2020-03-16,14.86
Martin,Damm,2025-05-12,13.81
Martin,Damm,2025-05-05,13.79
Martin,Damm,2025-04-28,13.78
Martin,Damm,2025-04-21,13.77
Martin,Damm,2025-04-14,13.80
Martin,Damm,2025-04-07,13.84
Martin,Damm,2025-03-31,13.84
Martin,Damm,2025-03-24,13.84
Martin,Damm,2025-03-17,13.85
Martin,Damm,2025-03-10,13.87
Martin,Damm,2025-03-03,13.91
Martin,Damm,2025-02-24,13.96
Martin,Damm,2025-02-17,14.00
Martin,Damm,2025-02-10,13.99
Martin,Damm,2025-02-03,14.01
Martin,Damm,2025-01-27,14.02
Martin,Damm,2025-01-20,14.02
Martin,Damm,2025-01-13,14.02
Martin,Damm,2025-01-06,14.02
Martin,Damm,2024-12-30,14.02
Martin,Damm,2024-12-23,14.02
Martin,Damm,2024-12-16,14.02
Martin,Damm,2024-12-09,14.03
Martin,Damm,2024-12-02,14.03
Martin,Damm,2024-11-25,14.04
Martin,Damm,2024-11-18,14.05
Martin,Damm,2024-11-11,14.06
Martin,Damm,2024-11-04,14.07
Martin,Damm,2024-10-28,14.10
Martin,Damm,2024-10-21,14.12
Martin,Damm,2024-10-14,14.13
Martin,Damm,2024-10-07,14.16
Martin,Damm,2024-09-30,14.20
Martin,Damm,2024-09-23,14.27
Martin,Damm,2024-09-16,14.28
Martin,Damm,2024-09-09,14.29
Martin,Damm,2024-09-02,14.32
Martin,Damm,2024-08-26,14.33
Martin,Damm,2024-08-19,14.37
Martin,Damm,2024-08-12,14.37
Martin,Damm,2024-08-05,14.37
Martin,Damm,2024-07-29,14.37
Martin,Damm,2024-07-22,14.37
Martin,Damm,2024-07-15,14.37
Martin,Damm,2024-07-08,14.36
Martin,Damm,2024-07-01,14.36
Martin,Damm,2024-06-24,14.36
Martin,Damm,2024-06-17,14.36
Martin,Damm,2024-06-10,14.36
Martin,Damm,2024-06-03,14.35
Martin,Damm,2024-05-27,14.36
Martin,Damm,2024-05-20,14.40
Martin,Damm,2024-05-13,14.40
Martin,Damm,2024-05-06,14.42
Martin,Damm,2024-04-29,14.43
Martin,Damm,2024-04-22,14.43
Martin,Damm,2024-04-15,14.46
Martin,Damm,2024-04-08,14.50
Martin,Damm,2024-04-01,14.53
Martin,Damm,2024-03-25,14.52
Martin,Damm,2024-03-18,14.52
Martin,Damm,2024-03-11,14.53
Martin,Damm,2024-03-04,14.53
Martin,Damm,2024-02-26,14.51
Martin,Damm,2024-02-19,14.49
Martin,Damm,2024-02-12,14.49
Martin,Damm,2024-02-05,14.49
Martin,Damm,2024-01-29,14.46
Martin,Damm,2024-01-22,14.45
Martin,Damm,2024-01-18,14.47
Martin,Damm,2024-01-15,14.46
Martin,Damm,2024-01-08,14.38
Martin,Damm,2024-01-01,14.38
Martin,Damm,2023-12-25,14.38
Martin,Damm,2023-12-18,14.38
Martin,Damm,2023-12-11,14.38
Martin,Damm,2023-12-04,14.38
Martin,Damm,2023-11-27,14.36
Martin,Damm,2023-11-20,14.33
Martin,Damm,2023-11-13,14.33
Martin,Damm,2023-11-06,14.35
Martin,Damm,2023-10-30,14.33
Martin,Damm,2023-10-23,14.31
Martin,Damm,2023-10-16,14.07
Martin,Damm,2023-10-09,13.86
Martin,Damm,2023-10-02,13.82
Martin,Damm,2023-09-25,13.89
Martin,Damm,2023-09-18,14.00
Martin,Damm,2023-09-11,14.02
Martin,Damm,2023-09-04,14.03
Martin,Damm,2023-08-28,14.04
Martin,Damm,2023-08-21,14.06
Martin,Damm,2023-08-14,14.10
Martin,Damm,2023-08-07,14.11
Martin,Damm,2023-07-31,14.15
Martin,Damm,2023-07-24,14.17
Martin,Damm,2023-07-17,14.18
Martin,Damm,2023-07-10,14.14
Martin,Damm,2023-07-03,14.11
Martin,Damm,2023-06-26,14.10
Martin,Damm,2023-06-19,14.10
Martin,Damm,2023-06-12,14.09
Martin,Damm,2023-06-05,14.08
Martin,Damm,2023-05-29,14.07
Martin,Damm,2023-05-22,14.07
Martin,Damm,2023-05-15,14.07
Martin,Damm,2023-05-08,14.04
Martin,Damm,2023-05-01,14.03
Martin,Damm,2023-04-24,14.01
Martin,Damm,2023-04-17,13.99
Martin,Damm,2023-04-10,13.97
Martin,Damm,2023-04-03,13.97
Martin,Damm,2023-03-27,13.96
Martin,Damm,2023-03-13,13.91
Martin,Damm,2023-02-27,13.83
Martin,Damm,2023-02-13,13.95
Martin,Damm,2023-02-06,13.95
Martin,Damm,2023-01-30,13.94
Martin,Damm,2023-01-23,13.95
Martin,Damm,2023-01-16,13.97
Martin,Damm,2023-01-09,13.97
Martin,Damm,2023-01-02,13.97
Martin,Damm,2022-12-26,13.97
Martin,Damm,2022-12-19,13.97
Martin,Damm,2022-12-12,13.97
Martin,Damm,2022-12-05,13.97
Martin,Damm,2022-11-28,13.97
Martin,Damm,2022-11-21,13.97
Martin,Damm,2022-11-14,13.99
Martin,Damm,2022-11-07,14.02
Martin,Damm,2022-10-31,14.02
Martin,Damm,2022-10-24,13.98
Martin,Damm,2022-10-17,13.96
Martin,Damm,2022-10-10,13.96
Martin,Damm,2022-10-03,13.98
Martin,Damm,2022-09-26,13.91
Martin,Damm,2022-09-19,13.99
Martin,Damm,2022-09-12,13.99
Martin,Damm,2022-09-05,14.01
Martin,Damm,2022-08-29,14.02
Martin,Damm,2022-08-22,14.03
Martin,Damm,2022-08-15,14.08
Martin,Damm,2022-08-08,14.09
Martin,Damm,2022-08-01,14.08
Martin,Damm,2022-07-25,14.06
Martin,Damm,2022-07-18,14.05
Martin,Damm,2022-07-11,14.04
Martin,Damm,2022-07-04,14.04
Martin,Damm,2022-06-27,14.04
Martin,Damm,2022-06-20,14.02
Martin,Damm,2022-06-13,14.00
Martin,Damm,2022-06-06,13.96
Martin,Damm,2022-05-30,13.88
Martin,Damm,2022-05-23,13.92
Martin,Damm,2022-05-16,13.94
Martin,Damm,2022-05-09,13.93
Martin,Damm,2022-05-02,13.95
Martin,Damm,2022-04-25,13.92
Martin,Damm,2022-04-18,13.91
Martin,Damm,2022-04-11,13.86
Martin,Damm,2022-04-04,13.85
Martin,Damm,2022-03-28,13.82
Martin,Damm,2022-03-21,13.69
Martin,Damm,2022-03-14,13.63
Martin,Damm,2022-03-07,13.65
Martin,Damm,2022-02-28,13.67
Martin,Damm,2022-02-21,13.64
Martin,Damm,2022-02-14,13.64
Martin,Damm,2022-02-07,13.67
Martin,Damm,2022-01-31,13.67
Martin,Damm,2022-01-24,13.66
Martin,Damm,2022-01-17,13.66
Martin,Damm,2022-01-10,13.66
Martin,Damm,2022-01-03,13.65
Martin,Damm,2021-12-27,13.65
Martin,Damm,2021-12-20,13.66
Martin,Damm,2021-12-13,13.65
Martin,Damm,2021-12-06,13.65
Martin,Damm,2021-11-29,13.65
Martin,Damm,2021-11-22,13.65
Martin,Damm,2021-11-15,13.65
Martin,Damm,2021-11-08,13.66
Martin,Damm,2021-11-01,13.69
Martin,Damm,2021-10-25,13.70
Martin,Damm,2021-10-18,13.64
Martin,Damm,2021-10-11,13.62
Martin,Damm,2021-10-04,13.61
Martin,Damm,2021-09-27,13.62
Martin,Damm,2021-09-20,13.58
Martin,Damm,2021-09-13,13.54
Martin,Damm,2021-09-06,13.55
Martin,Damm,2021-08-30,13.55
Martin,Damm,2021-08-23,13.55
Martin,Damm,2021-08-16,13.58
Martin,Damm,2021-08-09,13.62
Martin,Damm,2021-08-02,13.63
Martin,Damm,2021-07-26,13.67
Martin,Damm,2021-07-19,13.70
Martin,Damm,2021-07-12,13.70
Martin,Damm,2021-07-05,13.71
Martin,Damm,2021-06-28,13.75
Martin,Damm,2021-06-21,13.77
Martin,Damm,2021-06-14,13.80
Martin,Damm,2021-06-07,13.85
Martin,Damm,2021-05-31,13.90
Martin,Damm,2021-05-24,13.92
Martin,Damm,2021-05-17,13.91
Martin,Damm,2021-05-02,13.87
Martin,Damm,2021-04-26,13.87
Martin,Damm,2021-03-29,13.80
Martin,Damm,2021-03-15,13.63
Martin,Damm,2021-03-01,13.58
Martin,Damm,2021-02-22,13.56
Martin,Damm,2021-02-15,13.57
Martin,Damm,2021-02-08,13.60
Martin,Damm,2021-02-02,13.60
Martin,Damm,2021-01-04,13.60
Martin,Damm,2020-12-28,13.61
Martin,Damm,2020-12-21,13.62
Martin,Damm,2020-12-14,13.65
Martin,Damm,2020-12-07,13.66
Martin,Damm,2020-11-30,13.63
Martin,Damm,2020-11-23,13.63
Martin,Damm,2020-11-16,13.61
Martin,Damm,2020-11-09,13.49
Martin,Damm,2020-11-02,13.39
Martin,Damm,2020-10-26,13.37
Martin,Damm,2020-10-19,13.35
Martin,Damm,2020-10-12,13.35
Martin,Damm,2020-10-05,13.37
Martin,Damm,2020-09-28,13.38
Martin,Damm,2020-09-21,13.38
Martin,Damm,2020-09-14,13.47
Martin,Damm,2020-09-07,13.51
Martin,Damm,2020-08-31,13.56
Martin,Damm,2020-08-24,13.59
Martin,Damm,2020-08-17,13.59
Martin,Damm,2020-08-10,13.64
Martin,Damm,2020-08-03,13.64
Martin,Damm,2020-07-27,13.64
Martin,Damm,2020-07-20,13.66
Martin,Damm,2020-07-13,13.66
Martin,Damm,2020-07-06,13.69
Martin,Damm,2020-06-29,13.73
Martin,Damm,2020-06-22,13.78
Martin,Damm,2020-06-15,13.79
Martin,Damm,2020-06-08,13.79
Martin,Damm,2020-06-01,13.82
Martin,Damm,2020-05-25,13.82
Martin,Damm,2020-05-18,13.82
Martin,Damm,2020-05-11,13.82
Martin,Damm,2020-05-04,13.82
Martin,Damm,2020-04-27,13.82
Martin,Damm,2020-04-20,13.82
Martin,Damm,2020-04-13,13.82
Martin,Damm,2020-04-06,13.82
Martin,Damm,2020-03-30,13.82
Martin,Damm,2020-03-23,13.83
Martin,Damm,2020-03-16,13.84
Martin,Damm,2020-03-09,13.84
Martin,Damm,2020-03-02,13.84
Martin,Damm,2020-02-24,13.84
Martin,Damm,2020-02-17,13.84
Martin,Damm,2020-02-10,13.88
Martin,Damm,2020-02-03,13.89
Martin,Damm,2020-01-27,13.97
Martin,Damm,2020-01-20,14.01
Martin,Damm,2020-01-13,14.02
Martin,Damm,2020-01-06,14.03
Martin,Damm,2019-12-30,14.03
Martin,Damm,2019-12-23,14.06
Martin,Damm,2019-12-16,14.08
Martin,Damm,2019-12-09,14.05
Martin,Damm,2019-12-02,14.01
Martin,Damm,2019-11-25,13.96
Martin,Damm,2019-11-18,13.99
Martin,Damm,2019-11-11,14.00
Martin,Damm,2019-11-04,14.00
Martin,Damm,2019-10-28,14.00
Martin,Damm,2019-10-21,14.00
Martin,Damm,2019-10-14,13.99
Martin,Damm,2019-10-07,13.98
Martin,Damm,2019-09-30,13.96
Martin,Damm,2019-09-23,13.95
Martin,Damm,2019-09-16,13.95
Martin,Damm,2019-09-09,13.95
Martin,Damm,2019-09-02,13.95
Martin,Damm,2019-08-26,13.95
Martin,Damm,2019-08-19,13.96
Martin,Damm,2019-08-12,14.02
Martin,Damm,2019-08-05,14.03
Toby,Martin,2025-05-12,13.45
Toby,Martin,2025-05-05,13.40
Toby,Martin,2025-04-28,13.33
Toby,Martin,2025-04-21,13.32
Toby,Martin,2025-04-14,13.31
Toby,Martin,2025-04-07,13.33
Toby,Martin,2025-03-31,13.37
Toby,Martin,2025-03-24,13.35
Toby,Martin,2025-03-17,13.33
Toby,Martin,2025-03-10,13.32
Toby,Martin,2025-03-03,13.32
Toby,Martin,2025-02-24,13.32
Toby,Martin,2025-02-17,13.31
Toby,Martin,2025-02-10,13.27
Toby,Martin,2025-02-03,13.14
Toby,Martin,2025-01-27,13.07
Toby,Martin,2025-01-20,13.07
Toby,Martin,2025-01-13,13.07
Toby,Martin,2025-01-06,13.07
Toby,Martin,2024-12-30,13.07
Toby,Martin,2024-12-23,13.07
Toby,Martin,2024-12-16,13.07
Toby,Martin,2024-12-09,13.10
Toby,Martin,2024-12-02,13.11
Toby,Martin,2024-11-25,13.13
Toby,Martin,2024-11-18,13.13
Toby,Martin,2024-11-11,13.14
Toby,Martin,2024-11-04,13.14
Toby,Martin,2024-10-28,13.15
Toby,Martin,2024-10-21,13.14
Toby,Martin,2024-10-14,13.14
Toby,Martin,2024-10-07,13.13
Toby,Martin,2024-09-30,13.13
Toby,Martin,2024-09-23,13.13
Toby,Martin,2024-09-16,13.15
Toby,Martin,2024-09-09,13.18
Toby,Martin,2024-09-02,13.18
Toby,Martin,2024-08-26,13.18
Toby,Martin,2024-08-19,13.18
Toby,Martin,2024-08-12,13.17
Toby,Martin,2024-08-05,13.16
Toby,Martin,2024-07-29,13.13
Toby,Martin,2024-07-22,13.14
Toby,Martin,2024-07-15,13.14
Toby,Martin,2024-07-08,13.14
Toby,Martin,2024-07-01,13.16
Toby,Martin,2024-06-24,13.16
Toby,Martin,2024-06-17,12.97
Toby,Martin,2024-06-10,12.92
Toby,Martin,2024-06-03,12.91
Toby,Martin,2024-05-27,12.91
Toby,Martin,2024-05-20,12.84
Toby,Martin,2024-05-13,12.76
Toby,Martin,2024-05-06,12.72
Toby,Martin,2024-04-29,12.68
Toby,Martin,2024-04-22,12.73
Toby,Martin,2024-04-15,12.75
Toby,Martin,2024-04-08,12.76
Toby,Martin,2024-04-01,12.77
Toby,Martin,2024-03-25,12.77
Toby,Martin,2024-03-18,12.77
Toby,Martin,2024-03-11,12.78
Toby,Martin,2024-03-04,12.77
Toby,Martin,2024-02-26,12.77
Toby,Martin,2024-02-19,12.81
Toby,Martin,2024-02-12,12.81
Toby,Martin,2024-02-05,12.80
Toby,Martin,2024-01-29,12.79
Toby,Martin,2024-01-22,12.79
Toby,Martin,2024-01-18,12.79
Toby,Martin,2024-01-15,12.78
Toby,Martin,2024-01-08,12.78
Toby,Martin,2024-01-01,12.78
Toby,Martin,2023-12-25,12.77
Toby,Martin,2023-12-18,12.73
Toby,Martin,2023-12-11,12.67
Toby,Martin,2023-12-04,12.66
Toby,Martin,2023-11-27,12.65
Toby,Martin,2023-11-20,12.61
Toby,Martin,2023-11-13,12.52
Toby,Martin,2023-11-06,12.42
Toby,Martin,2023-10-30,12.40
Toby,Martin,2023-10-23,12.37
Toby,Martin,2023-10-16,12.35
Toby,Martin,2023-10-09,12.33
Toby,Martin,2023-10-02,12.29
Toby,Martin,2023-09-25,12.29
Toby,Martin,2023-09-18,12.30
Toby,Martin,2023-09-11,12.31
Toby,Martin,2023-09-04,12.38
Toby,Martin,2023-08-28,12.41
Toby,Martin,2023-08-21,12.41
Toby,Martin,2023-08-14,12.39
Toby,Martin,2023-08-07,12.39
Toby,Martin,2023-07-31,12.40
Toby,Martin,2023-07-24,12.41
Toby,Martin,2023-07-17,12.42
Toby,Martin,2023-07-10,12.45
Toby,Martin,2023-07-03,12.46
Toby,Martin,2023-06-26,12.47
Toby,Martin,2023-06-19,12.50
Toby,Martin,2023-06-12,12.57
Toby,Martin,2023-06-05,12.60
Toby,Martin,2023-05-29,12.60
Toby,Martin,2023-05-22,12.60
Toby,Martin,2023-05-15,12.60
Toby,Martin,2023-05-08,12.58
Toby,Martin,2023-05-01,12.62
Toby,Martin,2023-04-24,12.66
Toby,Martin,2023-04-17,12.65
Toby,Martin,2023-04-10,12.65
Toby,Martin,2023-04-03,12.63
Toby,Martin,2023-03-27,12.61
Toby,Martin,2023-03-13,12.50
Toby,Martin,2023-02-27,12.49
Toby,Martin,2023-02-13,12.49
Toby,Martin,2023-02-06,12.48
Toby,Martin,2023-01-30,12.47
Toby,Martin,2023-01-23,12.45
Toby,Martin,2023-01-16,12.46
Toby,Martin,2023-01-09,12.48
Toby,Martin,2023-01-02,12.48
Toby,Martin,2022-12-26,12.48
Toby,Martin,2022-12-19,12.53
Toby,Martin,2022-12-12,12.62
Toby,Martin,2022-12-05,12.65
Toby,Martin,2022-11-28,12.71
Toby,Martin,2022-11-21,12.73
Toby,Martin,2022-11-14,12.80
Toby,Martin,2022-11-07,12.83
Toby,Martin,2022-10-31,12.83
Toby,Martin,2022-10-24,12.85
Toby,Martin,2022-10-17,12.88
Toby,Martin,2022-10-10,12.94
Toby,Martin,2022-10-03,12.94
Toby,Martin,2022-09-26,12.97
Toby,Martin,2022-09-19,13.00
Toby,Martin,2022-09-12,13.02
Toby,Martin,2022-09-05,13.02
Toby,Martin,2022-08-29,13.02
Toby,Martin,2022-08-22,13.00
Toby,Martin,2022-08-15,12.98
Toby,Martin,2022-08-08,12.98
Toby,Martin,2022-08-01,12.98
Toby,Martin,2022-07-25,12.94
Toby,Martin,2022-07-18,12.94
Toby,Martin,2022-07-11,12.95
Toby,Martin,2022-07-04,12.96
Toby,Martin,2022-06-27,12.97
Toby,Martin,2022-06-20,12.97
Toby,Martin,2022-06-13,12.97
Toby,Martin,2022-06-06,12.97
Toby,Martin,2022-05-30,12.96
Toby,Martin,2022-05-23,12.95
Toby,Martin,2022-05-16,12.98
Toby,Martin,2022-05-09,13.03
Toby,Martin,2022-05-02,13.07
Toby,Martin,2022-04-25,13.08
Toby,Martin,2022-04-18,13.08
Toby,Martin,2022-04-11,13.08
Toby,Martin,2022-04-04,13.08
Toby,Martin,2022-03-28,13.09
Toby,Martin,2022-03-21,13.12
Toby,Martin,2022-03-14,13.14
Toby,Martin,2022-03-07,13.15
Toby,Martin,2022-02-28,13.16
Toby,Martin,2022-02-21,13.17
Toby,Martin,2022-02-14,13.15
Toby,Martin,2022-02-07,13.16
Toby,Martin,2022-01-31,13.16
Toby,Martin,2022-01-24,13.16
Toby,Martin,2022-01-17,13.16
Toby,Martin,2022-01-10,13.16
Toby,Martin,2022-01-03,13.15
Toby,Martin,2021-12-27,13.15
Toby,Martin,2021-12-20,13.13
Toby,Martin,2021-12-13,13.12
Toby,Martin,2021-12-06,13.09
Toby,Martin,2021-11-29,13.07
Toby,Martin,2021-11-22,13.06
Toby,Martin,2021-11-15,13.04
Toby,Martin,2021-11-08,13.01
Toby,Martin,2021-11-01,12.95
Toby,Martin,2021-10-25,12.93
Toby,Martin,2021-10-18,12.90
Toby,Martin,2021-10-11,12.89
Toby,Martin,2021-10-04,12.87
Toby,Martin,2021-09-27,12.86
Toby,Martin,2021-09-20,12.85
Toby,Martin,2021-09-13,12.85
Toby,Martin,2021-09-06,12.85
Toby,Martin,2021-08-30,12.85
Toby,Martin,2021-08-23,12.80
Toby,Martin,2021-08-16,12.79
Toby,Martin,2021-08-09,12.84
Toby,Martin,2021-08-02,12.86
Toby,Martin,2021-07-26,12.72
Toby,Martin,2021-07-19,12.66
Toby,Martin,2021-07-12,12.76
Toby,Martin,2021-07-05,12.78
Toby,Martin,2021-06-28,12.80
Toby,Martin,2021-06-21,12.81
Toby,Martin,2021-06-14,12.81
Toby,Martin,2021-06-07,12.80
Toby,Martin,2021-05-31,12.79
Toby,Martin,2021-05-24,12.79
Toby,Martin,2021-05-17,12.79
Toby,Martin,2021-05-02,12.72
Toby,Martin,2021-04-26,12.72
Toby,Martin,2021-03-29,12.76
Toby,Martin,2021-03-15,12.76
Toby,Martin,2021-03-01,12.76
Toby,Martin,2021-02-22,12.76
Toby,Martin,2021-02-15,12.76
Toby,Martin,2021-02-08,12.76
Toby,Martin,2021-02-02,12.76
Toby,Martin,2021-01-04,12.73
Toby,Martin,2020-12-28,12.73
Toby,Martin,2020-12-21,12.73
Toby,Martin,2020-12-14,12.73
Toby,Martin,2020-12-07,12.74
Toby,Martin,2020-11-30,12.74
Toby,Martin,2020-11-23,12.72
Toby,Martin,2020-11-16,12.72
Toby,Martin,2020-11-09,12.72
Toby,Martin,2020-11-02,12.73
Toby,Martin,2020-10-26,12.74
Toby,Martin,2020-10-19,12.75
Toby,Martin,2020-10-12,12.87
Toby,Martin,2020-10-05,12.90
Toby,Martin,2020-09-28,12.81
Toby,Martin,2020-09-21,12.84
Toby,Martin,2020-09-14,12.84
Toby,Martin,2020-09-07,12.84
Toby,Martin,2020-08-31,12.85
Toby,Martin,2020-08-24,12.86
Toby,Martin,2020-08-17,12.92
Toby,Martin,2020-08-10,13.13
Toby,Martin,2020-08-03,13.29
Toby,Martin,2020-07-27,13.40
Toby,Martin,2020-07-20,13.51
Toby,Martin,2020-07-13,13.71
Toby,Martin,2020-07-06,13.73
Toby,Martin,2020-06-29,13.73
Toby,Martin,2020-06-22,13.73
Toby,Martin,2020-06-15,13.73
Toby,Martin,2020-06-08,13.73
Toby,Martin,2020-06-01,13.73
Toby,Martin,2020-05-25,13.73
Toby,Martin,2020-05-18,13.73
Toby,Martin,2020-05-11,13.73
Toby,Martin,2020-05-04,13.73
Toby,Martin,2020-04-27,13.73
Toby,Martin,2020-04-20,13.73
Toby,Martin,2020-04-13,13.73
Toby,Martin,2020-04-06,13.73
Toby,Martin,2020-03-30,13.73
Toby,Martin,2020-03-23,13.73
Toby,Martin,2020-03-16,13.73
Toby,Martin,2020-03-09,13.70
Toby,Martin,2020-03-02,13.67
Toby,Martin,2020-02-24,13.67
Toby,Martin,2020-02-17,13.74
Toby,Martin,2020-02-10,13.80
Toby,Martin,2020-02-03,13.83
Toby,Martin,2020-01-27,13.84
Toby,Martin,2020-01-20,13.84
Toby,Martin,2020-01-13,13.85
Toby,Martin,2020-01-06,13.85
Toby,Martin,2019-12-30,13.86
Toby,Martin,2019-12-23,13.86
Toby,Martin,2019-12-16,13.89
Toby,Martin,2019-12-09,13.91
Toby,Martin,2019-12-02,13.92
Toby,Martin,2019-11-25,13.92
Toby,Martin,2019-11-18,13.95
Toby,Martin,2019-11-11,13.97
Toby,Martin,2019-11-04,13.99
Toby,Martin,2019-10-28,14.00
Toby,Martin,2019-10-21,13.99
Toby,Martin,2019-10-14,13.97
Toby,Martin,2019-10-14,13.97
Toby,Martin,2019-10-07,13.93
Toby,Martin,2019-09-30,13.91
Toby,Martin,2019-09-23,13.89
Toby,Martin,2019-09-16,13.85
Toby,Martin,2019-09-09,13.84
Toby,Martin,2019-09-02,13.82
Toby,Martin,2019-08-26,13.81
Toby,Martin,2019-08-19,13.77
Toby,Martin,2019-08-12,13.73
Toby,Martin,2019-08-05,13.70
Toby,Martin,2019-07-29,13.69
Toby,Martin,2019-07-22,13.69
Toby,Martin,2019-07-16,13.68
Toby,Martin,2019-07-15,13.68
Toby,Martin,2019-07-08,13.68
Toby,Martin,2019-07-01,13.67
Toby,Martin,2019-06-24,13.66
Toby,Martin,2019-06-22,13.66
Toby,Martin,2019-06-17,13.65
Toby,Martin,2019-06-10,13.66
Toby,Martin,2019-06-03,13.61
Toby,Martin,2019-05-27,13.64
Toby,Martin,2019-05-20,13.70
Toby,Martin,2019-05-13,13.74
Toby,Martin,2019-05-06,13.77
Toby,Martin,2019-04-29,13.80
Toby,Martin,2019-04-29,13.80
Toby,Martin,2019-04-22,13.78
Toby,Martin,2019-04-19,13.76
Toby,Martin,2019-04-15,13.76
Toby,Martin,2019-04-15,13.76
Toby,Martin,2019-04-08,13.76
Toby,Martin,2019-04-01,13.77
Toby,Martin,2019-03-25,13.78
Toby,Martin,2019-03-18,13.81
Toby,Martin,2019-03-11,13.85
Toby,Martin,2019-03-04,13.88
Toby,Martin,2019-02-25,13.88
Toby,Martin,2019-02-18,13.90
Toby,Martin,2019-02-11,13.88
Toby,Martin,2019-02-04,13.88
Toby,Martin,2019-02-04,13.88
Toby,Martin,2019-01-28,13.88
Toby,Martin,2019-01-21,13.90
Toby,Martin,2019-01-14,13.90
Toby,Martin,2019-01-07,13.91
Toby,Martin,2018-12-31,13.91
Toby,Martin,2018-12-24,13.90
Toby,Martin,2018-12-17,13.85
Toby,Martin,2018-12-10,13.72
Toby,Martin,2018-12-03,13.58
Toby,Martin,2018-11-26,13.60
Toby,Martin,2018-11-19,13.62
Toby,Martin,2018-11-12,13.63
Toby,Martin,2018-11-05,13.64
Toby,Martin,2018-10-29,13.67
Toby,Martin,2018-10-22,13.76
Toby,Martin,2018-10-15,13.80
Toby,Martin,2018-10-08,13.82
Toby,Martin,2018-10-01,13.84
Toby,Martin,2018-09-24,13.85
Toby,Martin,2018-09-17,13.85
Toby,Martin,2018-09-10,13.85
Toby,Martin,2018-09-03,13.86
Toby,Martin,2018-08-27,13.88
Toby,Martin,2018-08-20,13.89
Toby,Martin,2018-08-13,13.90
Toby,Martin,2018-08-06,13.90
Toby,Martin,2018-07-30,13.83
Toby,Martin,2018-07-23,13.79
Toby,Martin,2018-07-16,13.84
Toby,Martin,2018-07-09,13.85
Toby,Martin,2018-07-02,13.88
Toby,Martin,2018-06-25,13.97
Toby,Martin,2018-06-18,13.97
Toby,Martin,2018-06-11,13.96
Toby,Martin,2018-06-04,13.95
Toby,Martin,2018-05-28,13.90
Toby,Martin,2018-05-21,13.88
Toby,Martin,2018-05-14,13.89
Toby,Martin,2018-05-07,13.90
Toby,Martin,2018-04-30,13.94
Toby,Martin,2018-04-23,13.95
Toby,Martin,2018-04-16,13.86
Toby,Martin,2018-04-09,13.85
Toby,Martin,2018-04-02,13.85
Toby,Martin,2018-03-26,13.81
Toby,Martin,2018-03-19,13.69
Toby,Martin,2018-03-12,13.69
Toby,Martin,2018-03-05,13.72
Toby,Martin,2018-02-26,13.73
Toby,Martin,2018-02-19,13.73
Toby,Martin,2018-02-12,13.74
Toby,Martin,2018-02-05,13.74
Toby,Martin,2018-01-29,13.75
Toby,Martin,2018-01-22,13.74
Toby,Martin,2018-01-15,13.74
Toby,Martin,2018-01-08,13.74
Toby,Martin,2018-01-04,13.74
Toby,Martin,2018-01-01,13.74
Toby,Martin,2017-12-25,13.74
Toby,Martin,2017-12-18,13.75
Toby,Martin,2017-12-11,13.75
Toby,Martin,2017-12-04,13.76
Toby,Martin,2017-11-27,13.77
Toby,Martin,2017-11-20,13.78
Toby,Martin,2017-11-13,13.75
Toby,Martin,2017-11-06,13.74
Toby,Martin,2017-10-30,13.74
Toby,Martin,2017-10-23,13.72
Toby,Martin,2017-10-16,13.70
Toby,Martin,2017-10-09,13.78
Toby,Martin,2017-10-02,13.77
Toby,Martin,2017-09-25,13.73
Toby,Martin,2017-09-18,13.73
Toby,Martin,2017-09-11,13.73
Toby,Martin,2017-09-04,13.73
Toby,Martin,2017-08-28,13.73
Toby,Martin,2017-08-21,13.77
Toby,Martin,2017-08-14,13.76
Toby,Martin,2017-08-07,13.70
Toby,Martin,2017-07-31,13.71
Toby,Martin,2017-07-24,13.80
Toby,Martin,2017-07-17,13.81
Toby,Martin,2017-07-10,13.85
Toby,Martin,2017-07-03,13.87
Toby,Martin,2017-06-26,13.88
Toby,Martin,2017-06-19,13.91
Toby,Martin,2017-06-12,13.93
Toby,Martin,2017-06-05,13.93
Toby,Martin,2017-05-29,13.92
Toby,Martin,2017-05-22,13.92
Toby,Martin,2017-05-15,13.98
Toby,Martin,2017-05-08,14.06
Toby,Martin,2017-05-01,13.99
Toby,Martin,2017-04-24,13.97
Toby,Martin,2017-04-17,13.94
Toby,Martin,2017-04-10,14.01
Toby,Martin,2017-04-03,13.95
Toby,Martin,2017-03-27,13.96
Toby,Martin,2017-03-20,13.95
Toby,Martin,2017-03-13,13.92
Toby,Martin,2017-03-06,13.92
Toby,Martin,2017-02-27,13.88
Toby,Martin,2017-02-20,13.63
Toby,Martin,2017-02-13,13.67
Toby,Martin,2017-02-07,13.72
Toby,Martin,2017-01-30,13.78
Toby,Martin,2017-01-23,13.79
Toby,Martin,2017-01-16,13.80
Toby,Martin,2017-01-09,13.80
Toby,Martin,2017-01-02,13.81
Toby,Martin,2016-12-26,13.76
Toby,Martin,2016-12-19,13.73
Toby,Martin,2016-12-12,13.76
Toby,Martin,2016-12-05,13.75
Toby,Martin,2016-11-28,13.73
Toby,Martin,2016-11-21,13.78
Toby,Martin,2016-11-14,13.80
Toby,Martin,2016-11-07,13.80
Toby,Martin,2016-10-31,13.76
Toby,Martin,2016-10-24,13.72
Toby,Martin,2016-10-17,13.69
Toby,Martin,2016-10-10,13.70
Toby,Martin,2016-10-03,13.70
Toby,Martin,2016-09-26,13.74
Toby,Martin,2016-09-19,13.72
Toby,Martin,2016-09-12,13.66
Toby,Martin,2016-09-05,13.66
Toby,Martin,2016-08-29,13.56
Toby,Martin,2016-08-22,13.52
Toby,Martin,2016-08-15,13.54
Toby,Martin,2016-08-08,13.69
Toby,Martin,2016-08-01,13.75
Toby,Martin,2016-07-25,13.85
Toby,Martin,2016-07-18,13.85
Toby,Martin,2016-07-11,13.85
Toby,Martin,2016-07-04,13.87
Toby,Martin,2016-06-27,13.87
Alexandros,Voinea,2017-10-30,13.19
Alexandros,Voinea,2017-10-23,13.23
Alexandros,Voinea,2017-10-16,13.23
Alexandros,Voinea,2017-10-09,13.22
Alexandros,Voinea,2017-10-02,13.22
Alexandros,Voinea,2017-09-25,13.22
Alexandros,Voinea,2017-09-18,13.22
Alexandros,Voinea,2017-09-11,13.22
Alexandros,Voinea,2017-09-04,13.20
Alexandros,Voinea,2017-08-28,13.08
Alexandros,Voinea,2017-08-21,12.88
Alexandros,Voinea,2017-08-14,12.84
Alexandros,Voinea,2017-08-07,12.85
Alexandros,Voinea,2017-07-31,12.84
Alexandros,Voinea,2017-07-24,12.82
Alexandros,Voinea,2017-07-17,12.78
Alexandros,Voinea,2017-07-10,12.77
Alexandros,Voinea,2017-07-03,12.75
Alexandros,Voinea,2017-06-26,12.73
Alexandros,Voinea,2017-06-19,12.70
Alexandros,Voinea,2017-06-12,12.68
Alexandros,Voinea,2017-06-05,12.68
Alexandros,Voinea,2017-05-29,12.68
Alexandros,Voinea,2017-05-22,12.68
Alexandros,Voinea,2017-05-15,12.74
Alexandros,Voinea,2017-05-08,12.75
Alexandros,Voinea,2017-05-01,12.77
Alexandros,Voinea,2017-04-24,12.77
Alexandros,Voinea,2017-04-17,12.77
Alexandros,Voinea,2017-04-10,12.73
Alexandros,Voinea,2017-04-03,12.73
Alexandros,Voinea,2017-03-27,12.74
Alexandros,Voinea,2017-03-20,12.76
Alexandros,Voinea,2017-03-13,12.75
Alexandros,Voinea,2017-03-06,12.74
Alexandros,Voinea,2017-02-27,12.70
Alexandros,Voinea,2017-02-20,12.23
Alexandros,Voinea,2017-02-13,12.20
Alexandros,Voinea,2017-02-07,12.21
Alexandros,Voinea,2017-01-30,12.21
Alexandros,Voinea,2017-01-23,12.21
Alexandros,Voinea,2017-01-16,12.21
Alexandros,Voinea,2017-01-09,12.20
Alexandros,Voinea,2017-01-02,12.21
Alexandros,Voinea,2016-12-26,12.19
Alexandros,Voinea,2016-12-19,12.17
Alexandros,Voinea,2016-12-12,12.17
Alexandros,Voinea,2016-12-05,12.17
Alexandros,Voinea,2016-11-28,12.09
Alexandros,Voinea,2016-11-21,12.10
Alexandros,Voinea,2016-11-14,12.13
Alexandros,Voinea,2016-11-07,11.83
Alexandros,Voinea,2016-10-31,11.84
Alexandros,Voinea,2016-10-24,11.86
Alexandros,Voinea,2016-10-17,11.85
Alexandros,Voinea,2016-10-10,11.85
Alexandros,Voinea,2016-10-03,11.86
Alexandros,Voinea,2016-09-26,11.85
Alexandros,Voinea,2016-09-19,11.84
Alexandros,Voinea,2016-09-12,11.82
Casper,Ruud,2025-05-12,15.80
Casper,Ruud,2025-05-05,15.67
Casper,Ruud,2025-04-28,15.56
Casper,Ruud,2025-04-21,15.56
Casper,Ruud,2025-04-14,15.56
Casper,Ruud,2025-04-07,15.55
Casper,Ruud,2025-03-31,15.55
Casper,Ruud,2025-03-24,15.59
Casper,Ruud,2025-03-17,15.63
Casper,Ruud,2025-03-10,15.66
Casper,Ruud,2025-03-03,15.67
Casper,Ruud,2025-02-24,15.65
Casper,Ruud,2025-02-17,15.61
Casper,Ruud,2025-02-10,15.56
Casper,Ruud,2025-02-03,15.58
Casper,Ruud,2025-01-27,15.59
Casper,Ruud,2025-01-20,15.65
Casper,Ruud,2025-01-13,15.66
Casper,Ruud,2025-01-06,15.67
Casper,Ruud,2024-12-30,15.67
Casper,Ruud,2024-12-23,15.67
Casper,Ruud,2024-12-16,15.66
Casper,Ruud,2024-12-09,15.65
Casper,Ruud,2024-12-02,15.64
Casper,Ruud,2024-11-25,15.61
Casper,Ruud,2024-11-18,15.58
Casper,Ruud,2024-11-11,15.59
Casper,Ruud,2024-11-04,15.58
Casper,Ruud,2024-10-28,15.58
Casper,Ruud,2024-10-21,15.60
Casper,Ruud,2024-10-14,15.58
Casper,Ruud,2024-10-07,15.59
Casper,Ruud,2024-09-30,15.62
Casper,Ruud,2024-09-23,15.72
Casper,Ruud,2024-09-16,16.00
Casper,Ruud,2024-09-09,16.01
Casper,Ruud,2024-09-02,16.00
Casper,Ruud,2024-08-26,16.02
Casper,Ruud,2024-08-19,16.11
Casper,Ruud,2024-08-12,16.14
Casper,Ruud,2024-08-05,16.14
Casper,Ruud,2024-07-29,16.13
Casper,Ruud,2024-07-22,16.13
Casper,Ruud,2024-07-15,16.12
Casper,Ruud,2024-07-08,16.13
Casper,Ruud,2024-07-01,16.11
Casper,Ruud,2024-06-24,16.07
Casper,Ruud,2024-06-17,16.05
Casper,Ruud,2024-06-10,16.02
Casper,Ruud,2024-06-03,16.01
Casper,Ruud,2024-05-27,15.98
Casper,Ruud,2024-05-20,15.97
Casper,Ruud,2024-05-13,15.97
Casper,Ruud,2024-05-06,15.95
Casper,Ruud,2024-04-29,15.85
Casper,Ruud,2024-04-22,15.80
Casper,Ruud,2024-04-15,15.64
Casper,Ruud,2024-04-08,15.54
Casper,Ruud,2024-04-01,15.53
Casper,Ruud,2024-03-25,15.48
Casper,Ruud,2024-03-18,15.46
Casper,Ruud,2024-03-11,15.38
Casper,Ruud,2024-03-04,15.31
Casper,Ruud,2024-02-26,15.26
Casper,Ruud,2024-02-19,15.31
Casper,Ruud,2024-02-12,15.39
Casper,Ruud,2024-02-05,15.45
Casper,Ruud,2024-01-29,15.53
Casper,Ruud,2024-01-22,15.68
Casper,Ruud,2024-01-18,15.72
Casper,Ruud,2024-01-15,15.73
Casper,Ruud,2024-01-08,15.75
Casper,Ruud,2024-01-01,15.77
Casper,Ruud,2023-12-25,15.80
Casper,Ruud,2023-12-18,15.82
Casper,Ruud,2023-12-11,15.84
Casper,Ruud,2023-12-04,15.89
Casper,Ruud,2023-11-27,15.92
Casper,Ruud,2023-11-20,15.96
Casper,Ruud,2023-11-13,16.00
Casper,Ruud,2023-11-06,16.04
Casper,Ruud,2023-10-30,16.05
Casper,Ruud,2023-10-23,16.07
Casper,Ruud,2023-10-16,16.09
Casper,Ruud,2023-10-09,16.07
Casper,Ruud,2023-10-02,16.05
Casper,Ruud,2023-09-25,16.02
Casper,Ruud,2023-09-18,16.01
Casper,Ruud,2023-09-11,16.02
Casper,Ruud,2023-09-04,16.05
Casper,Ruud,2023-08-28,16.05
Casper,Ruud,2023-08-21,16.07
Casper,Ruud,2023-08-14,16.07
Casper,Ruud,2023-08-07,16.09
Casper,Ruud,2023-07-31,16.12
Casper,Ruud,2023-07-24,16.12
Casper,Ruud,2023-07-17,16.13
Casper,Ruud,2023-07-10,16.14
Casper,Ruud,2023-07-03,16.13
Casper,Ruud,2023-06-26,16.12
Casper,Ruud,2023-06-19,16.09
Casper,Ruud,2023-06-12,15.95
Casper,Ruud,2023-06-05,15.95
Casper,Ruud,2023-05-29,15.96
Casper,Ruud,2023-05-22,15.96
Casper,Ruud,2023-05-15,15.95
Casper,Ruud,2023-05-08,15.94
Casper,Ruud,2023-05-01,15.93
Casper,Ruud,2023-04-24,15.94
Casper,Ruud,2023-04-17,15.94
Casper,Ruud,2023-04-10,15.94
Casper,Ruud,2023-04-03,15.93
Casper,Ruud,2023-03-27,15.89
Casper,Ruud,2023-03-13,15.91
Casper,Ruud,2023-02-27,15.91
Casper,Ruud,2023-02-13,15.92
Casper,Ruud,2023-02-06,15.92
Casper,Ruud,2023-01-30,15.92
Casper,Ruud,2023-01-23,15.93
Casper,Ruud,2023-01-16,15.93
Casper,Ruud,2023-01-09,15.94
Casper,Ruud,2023-01-02,15.94
Casper,Ruud,2022-12-26,15.95
Casper,Ruud,2022-12-19,15.93
Casper,Ruud,2022-12-12,15.91
Casper,Ruud,2022-12-05,15.86
Casper,Ruud,2022-11-28,15.85
Casper,Ruud,2022-11-21,15.82
Casper,Ruud,2022-11-14,15.75
Casper,Ruud,2022-11-07,15.78
Casper,Ruud,2022-10-31,15.77
Casper,Ruud,2022-10-24,15.77
Casper,Ruud,2022-10-17,15.76
Casper,Ruud,2022-10-10,15.76
Casper,Ruud,2022-10-03,15.78
Casper,Ruud,2022-09-26,15.79
Casper,Ruud,2022-09-19,15.78
Casper,Ruud,2022-09-12,15.76
Casper,Ruud,2022-09-05,15.74
Casper,Ruud,2022-08-29,15.72
Casper,Ruud,2022-08-22,15.68
Casper,Ruud,2022-08-15,15.66
Casper,Ruud,2022-08-08,15.61
Casper,Ruud,2022-08-01,15.63
Casper,Ruud,2022-07-25,15.63
Casper,Ruud,2022-07-18,15.66
Casper,Ruud,2022-07-11,15.68
Casper,Ruud,2022-07-04,15.71
Casper,Ruud,2022-06-27,15.76
Casper,Ruud,2022-06-20,15.78
Casper,Ruud,2022-06-13,15.80
Casper,Ruud,2022-06-06,15.77
Casper,Ruud,2022-05-30,15.75
Casper,Ruud,2022-05-23,15.75
Casper,Ruud,2022-05-16,15.73
Casper,Ruud,2022-05-09,15.74
Casper,Ruud,2022-05-02,15.77
Casper,Ruud,2022-04-25,15.83
Casper,Ruud,2022-04-18,15.87
Casper,Ruud,2022-04-11,15.88
Casper,Ruud,2022-04-04,15.83
Casper,Ruud,2022-03-28,15.78
Casper,Ruud,2022-03-21,15.78
Casper,Ruud,2022-03-14,15.78
Casper,Ruud,2022-03-07,15.77
Casper,Ruud,2022-02-28,15.77
Casper,Ruud,2022-02-21,15.76
Casper,Ruud,2022-02-14,15.74
Casper,Ruud,2022-02-07,15.74
Casper,Ruud,2022-01-31,15.72
Casper,Ruud,2022-01-24,15.72
Casper,Ruud,2022-01-17,15.70
Casper,Ruud,2022-01-10,15.71
Casper,Ruud,2022-01-03,15.71
Casper,Ruud,2021-12-27,15.71
Casper,Ruud,2021-12-20,15.71
Casper,Ruud,2021-12-13,15.72
Casper,Ruud,2021-12-06,15.72
Casper,Ruud,2021-11-29,15.71
Casper,Ruud,2021-11-22,15.69
Casper,Ruud,2021-11-15,15.67
Casper,Ruud,2021-11-08,15.67
Casper,Ruud,2021-11-01,15.70
Casper,Ruud,2021-10-25,15.70
Casper,Ruud,2021-10-18,15.69
Casper,Ruud,2021-10-11,15.66
Casper,Ruud,2021-10-04,15.61
Casper,Ruud,2021-09-27,15.59
Casper,Ruud,2021-09-20,15.57
Casper,Ruud,2021-09-13,15.57
Casper,Ruud,2021-09-06,15.58
Casper,Ruud,2021-08-30,15.59
Casper,Ruud,2021-08-23,15.59
Casper,Ruud,2021-08-16,15.58
Casper,Ruud,2021-08-09,15.57
Casper,Ruud,2021-08-02,15.57
Casper,Ruud,2021-07-26,15.54
Casper,Ruud,2021-07-19,15.49
Casper,Ruud,2021-07-12,15.47
Casper,Ruud,2021-07-05,15.47
Casper,Ruud,2021-06-28,15.45
Casper,Ruud,2021-06-21,15.41
Casper,Ruud,2021-06-14,15.38
Casper,Ruud,2021-06-07,15.38
Casper,Ruud,2021-05-31,15.39
Casper,Ruud,2021-05-24,15.33
Casper,Ruud,2021-05-17,15.32
Casper,Ruud,2021-05-02,15.26
Casper,Ruud,2021-04-26,15.24
Casper,Ruud,2021-03-29,15.15
Casper,Ruud,2021-03-15,15.12
Casper,Ruud,2021-03-01,15.12
Casper,Ruud,2021-02-22,15.12
Casper,Ruud,2021-02-15,15.12
Casper,Ruud,2021-02-08,15.14
Casper,Ruud,2021-02-02,15.16
Casper,Ruud,2021-01-04,15.14
Casper,Ruud,2020-12-28,15.14
Casper,Ruud,2020-12-21,15.14
Casper,Ruud,2020-12-14,15.14
Casper,Ruud,2020-12-07,15.14
Casper,Ruud,2020-11-30,15.13
Casper,Ruud,2020-11-23,15.13
Casper,Ruud,2020-11-16,15.12
Casper,Ruud,2020-11-09,15.13
Casper,Ruud,2020-11-02,15.14
Casper,Ruud,2020-10-26,15.14
Casper,Ruud,2020-10-19,15.19
Casper,Ruud,2020-10-12,15.20
Casper,Ruud,2020-10-05,15.22
Casper,Ruud,2020-09-28,15.21
Casper,Ruud,2020-09-21,15.13
Casper,Ruud,2020-09-14,15.09
Casper,Ruud,2020-09-07,15.09
Casper,Ruud,2020-08-31,15.16
Casper,Ruud,2020-08-24,15.23
Casper,Ruud,2020-08-17,15.26
Casper,Ruud,2020-08-10,15.28
Casper,Ruud,2020-08-03,15.31
Casper,Ruud,2020-07-27,15.31
Casper,Ruud,2020-07-20,15.31
Casper,Ruud,2020-07-13,15.31
Casper,Ruud,2020-07-06,15.31
Casper,Ruud,2020-06-29,15.31
Casper,Ruud,2020-06-22,15.31
Casper,Ruud,2020-06-15,15.31
Casper,Ruud,2020-06-08,15.31
Casper,Ruud,2020-06-01,15.31
Casper,Ruud,2020-05-25,15.31
Casper,Ruud,2020-05-18,15.31
Casper,Ruud,2020-05-11,15.31
Casper,Ruud,2020-05-04,15.31
Casper,Ruud,2020-04-27,15.31
Casper,Ruud,2020-04-20,15.31
Casper,Ruud,2020-04-13,15.31
Casper,Ruud,2020-04-06,15.31
Casper,Ruud,2020-03-30,15.31
Casper,Ruud,2020-03-23,15.31
Casper,Ruud,2020-03-16,15.31
Casper,Ruud,2020-03-09,15.29
Casper,Ruud,2020-03-02,15.29
Casper,Ruud,2020-02-24,15.28
Casper,Ruud,2020-02-17,15.24
Casper,Ruud,2020-02-10,15.22
Casper,Ruud,2020-02-03,15.23
Casper,Ruud,2020-01-27,15.23
Casper,Ruud,2020-01-20,15.23
Casper,Ruud,2020-01-13,15.22
Casper,Ruud,2020-01-06,15.23
Casper,Ruud,2019-12-30,15.23
Casper,Ruud,2019-12-23,15.23
Casper,Ruud,2019-12-16,15.24
Casper,Ruud,2019-12-09,15.24
Casper,Ruud,2019-12-02,15.24
Casper,Ruud,2019-11-25,15.24
Casper,Ruud,2019-11-18,15.25
Casper,Ruud,2019-11-11,15.26
Casper,Ruud,2019-11-04,15.27
Casper,Ruud,2019-10-28,15.31
Casper,Ruud,2019-10-21,15.35
Casper,Ruud,2019-10-14,15.37
Casper,Ruud,2019-10-14,15.37
Casper,Ruud,2019-10-07,15.35
Casper,Ruud,2019-09-30,15.34
Casper,Ruud,2019-09-23,15.33
Casper,Ruud,2019-09-16,15.33
Casper,Ruud,2019-09-09,15.33
Casper,Ruud,2019-09-02,15.36
Casper,Ruud,2019-08-26,15.38
Casper,Ruud,2019-08-19,15.38
Casper,Ruud,2019-08-12,15.38
Casper,Ruud,2019-08-05,15.35
Casper,Ruud,2019-07-29,15.34
Casper,Ruud,2019-07-22,15.34
Casper,Ruud,2019-07-16,15.34
Casper,Ruud,2019-07-15,15.34
Casper,Ruud,2019-07-08,15.37
Casper,Ruud,2019-07-01,15.38
Casper,Ruud,2019-06-24,15.39
Casper,Ruud,2019-06-22,15.39
Casper,Ruud,2019-06-17,15.41
Casper,Ruud,2019-06-10,15.41
Casper,Ruud,2019-06-03,15.50
Casper,Ruud,2019-05-27,15.39
Casper,Ruud,2019-05-20,15.29
Casper,Ruud,2019-05-13,15.17
Casper,Ruud,2019-05-06,15.09
Casper,Ruud,2019-04-29,15.07
Casper,Ruud,2019-04-29,15.07
Casper,Ruud,2019-04-22,15.07
Casper,Ruud,2019-04-19,15.05
Casper,Ruud,2019-04-15,15.01
Casper,Ruud,2019-04-15,15.01
Casper,Ruud,2019-04-08,15.01
Casper,Ruud,2019-04-01,15.00
Casper,Ruud,2019-03-25,14.98
Casper,Ruud,2019-03-18,14.96
Casper,Ruud,2019-03-11,14.94
Casper,Ruud,2019-03-04,14.92
Casper,Ruud,2019-02-25,14.88
Casper,Ruud,2019-02-18,14.84
Casper,Ruud,2019-02-11,14.90
Casper,Ruud,2019-02-04,14.94
Casper,Ruud,2019-02-04,14.94
Casper,Ruud,2019-01-28,14.97
Casper,Ruud,2019-01-21,14.97
Casper,Ruud,2019-01-14,15.00
Casper,Ruud,2019-01-07,15.01
Casper,Ruud,2018-12-31,15.01
Casper,Ruud,2018-12-24,15.02
Casper,Ruud,2018-12-17,15.02
Casper,Ruud,2018-12-10,15.02
Casper,Ruud,2018-12-03,15.02
Casper,Ruud,2018-11-26,15.02
Casper,Ruud,2018-11-19,15.02
Casper,Ruud,2018-11-12,15.02
Casper,Ruud,2018-11-05,15.01
Casper,Ruud,2018-10-29,15.02
Casper,Ruud,2018-10-22,15.01
Casper,Ruud,2018-10-15,14.99
Casper,Ruud,2018-10-08,15.02
Casper,Ruud,2018-10-01,15.04
Casper,Ruud,2018-09-24,15.07
Casper,Ruud,2018-09-17,15.10
Casper,Ruud,2018-09-10,15.10
Casper,Ruud,2018-09-03,15.10
Casper,Ruud,2018-08-27,15.12
Casper,Ruud,2018-08-20,15.15
Casper,Ruud,2018-08-13,15.20
Casper,Ruud,2018-08-06,15.22
Casper,Ruud,2018-07-30,15.20
Casper,Ruud,2018-07-23,15.20
Casper,Ruud,2018-07-16,15.19
Casper,Ruud,2018-07-09,15.19
Casper,Ruud,2018-07-02,15.21
Casper,Ruud,2018-06-25,15.27
Casper,Ruud,2018-06-18,15.27
Casper,Ruud,2018-06-11,15.29
Casper,Ruud,2018-06-04,15.30
Casper,Ruud,2018-05-28,15.33
Casper,Ruud,2018-05-21,15.31
Casper,Ruud,2018-05-14,15.22
Casper,Ruud,2018-05-07,15.21
Casper,Ruud,2018-04-30,15.16
Casper,Ruud,2018-04-23,15.16
Casper,Ruud,2018-04-16,15.11
Casper,Ruud,2018-04-09,15.10
Casper,Ruud,2018-04-02,15.10
Casper,Ruud,2018-03-26,15.10
Casper,Ruud,2018-03-19,15.11
Casper,Ruud,2018-03-12,15.11
Casper,Ruud,2018-03-05,15.09
Casper,Ruud,2018-02-26,15.09
Casper,Ruud,2018-02-19,15.10
Casper,Ruud,2018-02-12,15.05
Casper,Ruud,2018-02-05,14.99
Casper,Ruud,2018-01-29,15.00
Casper,Ruud,2018-01-22,14.99
Casper,Ruud,2018-01-15,14.96
Casper,Ruud,2018-01-08,14.96
Casper,Ruud,2018-01-04,14.96
Casper,Ruud,2018-01-01,14.96
Casper,Ruud,2017-12-25,14.96
Casper,Ruud,2017-12-18,14.96
Casper,Ruud,2017-12-11,14.96
Casper,Ruud,2017-12-04,14.96
Casper,Ruud,2017-11-27,14.96
Casper,Ruud,2017-11-20,14.99
Casper,Ruud,2017-11-13,15.02
Casper,Ruud,2017-11-06,15.05
Casper,Ruud,2017-10-30,15.09
Casper,Ruud,2017-10-23,15.09
Casper,Ruud,2017-10-16,15.10
Casper,Ruud,2017-10-09,15.13
Casper,Ruud,2017-10-02,15.17
Casper,Ruud,2017-09-25,15.21
Casper,Ruud,2017-09-18,15.24
Casper,Ruud,2017-09-11,15.24
Casper,Ruud,2017-09-04,15.25
Casper,Ruud,2017-08-28,15.30
Casper,Ruud,2017-08-21,15.36
Casper,Ruud,2017-08-14,15.37
Casper,Ruud,2017-08-07,15.38
Casper,Ruud,2017-07-31,15.38
Casper,Ruud,2017-07-24,15.38
Casper,Ruud,2017-07-17,15.32
Casper,Ruud,2017-07-10,15.27
Casper,Ruud,2017-07-03,15.20
Casper,Ruud,2017-06-26,15.18
Casper,Ruud,2017-06-19,15.20
Casper,Ruud,2017-06-12,15.25
Casper,Ruud,2017-06-05,15.26
Casper,Ruud,2017-05-29,15.26
Casper,Ruud,2017-05-22,15.30
Casper,Ruud,2017-05-15,15.39
Casper,Ruud,2017-05-08,15.15
Casper,Ruud,2017-05-01,15.14
Casper,Ruud,2017-04-24,15.15
Casper,Ruud,2017-04-17,15.13
Casper,Ruud,2017-04-10,15.12
Casper,Ruud,2017-04-03,15.18
Casper,Ruud,2017-03-27,15.17
Casper,Ruud,2017-03-20,15.11
Casper,Ruud,2017-03-13,15.12
Casper,Ruud,2017-03-06,15.18
Casper,Ruud,2017-02-27,15.12
Casper,Ruud,2017-02-20,15.04
Casper,Ruud,2017-02-13,15.15
Casper,Ruud,2017-02-07,15.16
Casper,Ruud,2017-01-30,15.14
Casper,Ruud,2017-01-23,15.08
Casper,Ruud,2017-01-16,15.09
Casper,Ruud,2017-01-09,15.13
Casper,Ruud,2017-01-02,15.13
Casper,Ruud,2016-12-26,15.11
Casper,Ruud,2016-12-19,15.10
Casper,Ruud,2016-12-12,15.10
Casper,Ruud,2016-12-05,15.10
Casper,Ruud,2016-11-28,15.09
Casper,Ruud,2016-11-21,15.09
Casper,Ruud,2016-11-14,15.10
Casper,Ruud,2016-11-07,15.15
Casper,Ruud,2016-10-31,14.99
Casper,Ruud,2016-10-24,14.96
Casper,Ruud,2016-10-17,14.96
Casper,Ruud,2016-10-10,14.98
Casper,Ruud,2016-10-03,14.99
Casper,Ruud,2016-09-26,15.03
Casper,Ruud,2016-09-19,14.95
Casper,Ruud,2016-09-12,14.92
Casper,Ruud,2016-09-05,14.91
Casper,Ruud,2016-08-29,14.92
Casper,Ruud,2016-08-22,14.84
Casper,Ruud,2016-08-15,14.80
Casper,Ruud,2016-08-08,14.86
Casper,Ruud,2016-08-01,14.95
Casper,Ruud,2016-07-25,14.98
Casper,Ruud,2016-07-18,15.04
Casper,Ruud,2016-07-11,15.05
Casper,Ruud,2016-07-04,15.04
Casper,Ruud,2016-06-27,15.05
Simon,Navarro,2018-08-13,13.28
Simon,Navarro,2018-08-06,13.29
Simon,Navarro,2018-07-30,13.28
Simon,Navarro,2018-07-23,13.29
Simon,Navarro,2018-07-16,13.28
Simon,Navarro,2018-07-09,13.32
Simon,Navarro,2018-07-02,13.37
Simon,Navarro,2018-06-25,13.43
Simon,Navarro,2018-06-18,13.44
Simon,Navarro,2018-06-11,13.53
Simon,Navarro,2018-06-04,13.55
Simon,Navarro,2018-05-28,13.54
Simon,Navarro,2018-05-21,13.53
Simon,Navarro,2018-05-14,13.53
Simon,Navarro,2018-05-07,13.52
Simon,Navarro,2018-04-30,13.52
Simon,Navarro,2018-04-23,13.54
Simon,Navarro,2018-04-16,13.56
Simon,Navarro,2018-04-09,13.56
Simon,Navarro,2018-04-02,13.55
Simon,Navarro,2018-03-26,13.58
Simon,Navarro,2018-03-19,13.59
Simon,Navarro,2018-03-12,13.59
Simon,Navarro,2018-03-05,13.59
Simon,Navarro,2018-02-26,13.60
Simon,Navarro,2018-02-19,13.60
Simon,Navarro,2018-02-12,13.60
Simon,Navarro,2018-02-05,13.59
Simon,Navarro,2018-01-29,13.60
Simon,Navarro,2018-01-22,13.59
Simon,Navarro,2018-01-15,13.59
Simon,Navarro,2018-01-08,13.59
Simon,Navarro,2018-01-04,13.59
Simon,Navarro,2018-01-01,13.58
Simon,Navarro,2017-12-25,13.58
Simon,Navarro,2017-12-18,13.57
Simon,Navarro,2017-12-11,13.57
Simon,Navarro,2017-12-04,13.58
Simon,Navarro,2017-11-27,13.58
Simon,Navarro,2017-11-20,13.55
Simon,Navarro,2017-11-13,13.55
Simon,Navarro,2017-11-06,13.55
Simon,Navarro,2017-10-30,13.56
Simon,Navarro,2017-10-23,13.57
Simon,Navarro,2017-10-16,13.57
Simon,Navarro,2017-10-09,13.57
Simon,Navarro,2017-10-02,13.58
Simon,Navarro,2017-09-25,13.60
Simon,Navarro,2017-09-18,13.64
Simon,Navarro,2017-09-11,13.65
Simon,Navarro,2017-09-04,13.66
Simon,Navarro,2017-08-28,13.67
Simon,Navarro,2017-08-21,13.71
Simon,Navarro,2017-08-14,13.73
Simon,Navarro,2017-08-07,13.80
Simon,Navarro,2017-07-31,13.80
Simon,Navarro,2017-07-24,13.84
Simon,Navarro,2017-07-17,13.82
Simon,Navarro,2017-07-10,13.78
Simon,Navarro,2017-07-03,13.83
Simon,Navarro,2017-06-26,13.89
Simon,Navarro,2017-06-19,13.94
Simon,Navarro,2017-06-12,13.93
Simon,Navarro,2017-06-05,13.93
Simon,Navarro,2017-05-29,13.93
Simon,Navarro,2017-05-22,13.93
Simon,Navarro,2017-05-15,13.95
Simon,Navarro,2017-05-08,13.97
Simon,Navarro,2017-05-01,13.93
Simon,Navarro,2017-04-24,13.93
Simon,Navarro,2017-04-17,13.97
Simon,Navarro,2017-04-10,13.95
Simon,Navarro,2017-04-03,13.86
Simon,Navarro,2017-03-27,13.88
Simon,Navarro,2017-03-20,13.91
Simon,Navarro,2017-03-13,13.90
Simon,Navarro,2017-03-06,13.87
Simon,Navarro,2017-02-27,13.85
Simon,Navarro,2017-02-20,13.61
Simon,Navarro,2017-02-13,13.61
Simon,Navarro,2017-02-07,13.61
Simon,Navarro,2017-01-30,13.60
Simon,Navarro,2017-01-23,13.60
Simon,Navarro,2017-01-16,13.59
Simon,Navarro,2017-01-09,13.60
Simon,Navarro,2017-01-02,13.60
Simon,Navarro,2016-12-26,13.58
Simon,Navarro,2016-12-19,13.58
Simon,Navarro,2016-12-12,13.58
Simon,Navarro,2016-12-05,13.57
Simon,Navarro,2016-11-28,13.57
Simon,Navarro,2016-11-21,13.58
Simon,Navarro,2016-11-14,13.58
Simon,Navarro,2016-11-07,13.59
Simon,Navarro,2016-10-31,13.61
Simon,Navarro,2016-10-24,13.62
Simon,Navarro,2016-10-17,13.61
Simon,Navarro,2016-10-10,13.62
Simon,Navarro,2016-10-03,13.63
Simon,Navarro,2016-09-26,13.64
Simon,Navarro,2016-09-19,13.61
Simon,Navarro,2016-09-12,13.58
Simon,Navarro,2016-09-05,13.58
Simon,Navarro,2016-08-29,13.60
Simon,Navarro,2016-08-22,13.59
Simon,Navarro,2016-08-15,13.50
Simon,Navarro,2016-08-08,13.49
Simon,Navarro,2016-08-01,13.49
Simon,Navarro,2016-07-25,13.55
Simon,Navarro,2016-07-18,13.58
Simon,Navarro,2016-07-11,13.63
Simon,Navarro,2016-07-04,13.67
Simon,Navarro,2016-06-27,13.67
Blu,Baker,2025-05-12,13.31
Blu,Baker,2025-05-05,13.22
Blu,Baker,2025-04-28,13.08
Blu,Baker,2025-04-21,13.07
Blu,Baker,2025-04-14,13.06
Blu,Baker,2025-04-07,13.06
Blu,Baker,2025-03-31,13.05
Blu,Baker,2025-03-24,13.04
Blu,Baker,2025-03-17,13.04
Blu,Baker,2025-03-10,13.04
Blu,Baker,2025-03-03,12.94
Blu,Baker,2025-02-24,12.80
Blu,Baker,2025-02-17,12.71
Blu,Baker,2025-02-10,12.68
Blu,Baker,2025-02-03,12.67
Blu,Baker,2025-01-27,12.66
Blu,Baker,2025-01-20,12.63
Blu,Baker,2025-01-13,12.49
Blu,Baker,2025-01-06,12.49
Blu,Baker,2024-12-30,12.48
Blu,Baker,2024-12-23,12.48
Blu,Baker,2024-12-16,12.47
Blu,Baker,2024-12-09,12.47
Blu,Baker,2024-12-02,12.48
Blu,Baker,2024-11-25,12.48
Blu,Baker,2024-11-18,12.48
Blu,Baker,2024-11-11,12.46
Blu,Baker,2024-11-04,12.44
Blu,Baker,2024-10-28,12.44
Blu,Baker,2024-10-21,12.45
Blu,Baker,2024-10-14,12.44
Blu,Baker,2024-10-07,12.43
Blu,Baker,2024-09-30,12.43
Blu,Baker,2024-09-23,12.54
Blu,Baker,2024-09-16,12.68
Blu,Baker,2024-09-09,12.68
Blu,Baker,2024-09-02,12.68
Blu,Baker,2024-08-26,12.68
Blu,Baker,2024-08-19,12.67
Blu,Baker,2024-08-12,12.67
Blu,Baker,2024-08-05,12.65
Blu,Baker,2024-07-29,12.62
Blu,Baker,2024-07-22,12.63
Blu,Baker,2024-07-15,12.63
Blu,Baker,2024-07-08,12.64
Blu,Baker,2024-07-01,12.65
Blu,Baker,2024-06-24,12.71
Blu,Baker,2024-06-17,12.73
Blu,Baker,2024-06-10,12.74
Blu,Baker,2024-06-03,12.76
Blu,Baker,2024-05-27,12.83
Blu,Baker,2024-05-20,13.01
Blu,Baker,2024-05-13,13.24
Blu,Baker,2024-05-06,13.43
Blu,Baker,2024-04-29,13.61
Blu,Baker,2024-04-22,13.63
Blu,Baker,2024-04-15,13.58
Blu,Baker,2024-04-08,13.57
Blu,Baker,2024-04-01,13.57
Blu,Baker,2024-03-25,13.53
Blu,Baker,2024-03-18,13.47
Blu,Baker,2024-03-11,13.47
Blu,Baker,2024-03-04,13.47
Blu,Baker,2024-02-26,13.45
Blu,Baker,2024-02-19,13.44
Blu,Baker,2024-02-12,13.43
Blu,Baker,2024-02-05,13.40
Blu,Baker,2024-01-29,13.41
Blu,Baker,2024-01-22,13.41
Blu,Baker,2024-01-18,13.41
Blu,Baker,2024-01-15,13.41
Blu,Baker,2024-01-08,13.41
Blu,Baker,2024-01-01,13.41
Blu,Baker,2023-12-25,13.42
Blu,Baker,2023-12-18,13.42
Blu,Baker,2023-12-11,13.42
Blu,Baker,2023-12-04,13.42
Blu,Baker,2023-11-27,13.46
Blu,Baker,2023-11-20,13.56
Blu,Baker,2023-11-13,13.56
Blu,Baker,2023-11-06,13.55
Blu,Baker,2023-10-30,13.50
Blu,Baker,2023-10-23,13.48
Blu,Baker,2023-10-16,13.47
Blu,Baker,2023-10-09,13.49
Blu,Baker,2023-10-02,13.50
Blu,Baker,2023-09-25,13.53
Blu,Baker,2023-09-18,13.53
Blu,Baker,2023-09-11,13.53
Blu,Baker,2023-09-04,13.53
Blu,Baker,2023-08-28,13.53
Blu,Baker,2023-08-21,13.53
Blu,Baker,2023-08-14,13.53
Blu,Baker,2023-08-07,13.52
Blu,Baker,2023-07-31,13.52
Blu,Baker,2023-07-24,13.49
Blu,Baker,2023-07-17,13.48
Blu,Baker,2023-07-10,13.48
Blu,Baker,2023-07-03,13.47
Blu,Baker,2023-06-26,13.45
Blu,Baker,2023-06-19,13.40
Blu,Baker,2023-06-12,13.38
Blu,Baker,2023-06-05,13.38
Blu,Baker,2023-05-29,13.37
Blu,Baker,2023-05-22,13.32
Blu,Baker,2023-05-15,13.31
Blu,Baker,2023-05-08,13.31
Blu,Baker,2023-05-01,13.20
Blu,Baker,2023-04-24,13.21
Blu,Baker,2023-04-17,13.34
Blu,Baker,2023-04-10,13.35
Blu,Baker,2023-04-03,13.33
Blu,Baker,2023-03-27,13.32
Blu,Baker,2023-03-13,13.31
Blu,Baker,2023-02-27,13.35
Blu,Baker,2023-02-13,13.36
Blu,Baker,2023-02-06,13.37
Blu,Baker,2023-01-30,13.36
Blu,Baker,2023-01-23,13.36
Blu,Baker,2023-01-16,13.37
Blu,Baker,2023-01-09,13.37
Blu,Baker,2023-01-02,13.38
Blu,Baker,2022-12-26,13.38
Blu,Baker,2022-12-19,13.38
Blu,Baker,2022-12-12,13.37
Blu,Baker,2022-12-05,13.36
Blu,Baker,2022-11-28,13.34
Blu,Baker,2022-11-21,13.29
Blu,Baker,2022-11-14,13.25
Blu,Baker,2022-11-07,13.21
Blu,Baker,2022-10-31,13.13
Blu,Baker,2022-10-24,13.10
Blu,Baker,2022-10-17,13.11
Blu,Baker,2022-10-10,13.12
Blu,Baker,2022-10-03,13.11
Blu,Baker,2022-09-26,13.04
Blu,Baker,2022-09-19,13.06
Blu,Baker,2022-09-12,13.04
Blu,Baker,2022-09-05,13.04
Blu,Baker,2022-08-29,13.04
Blu,Baker,2022-08-22,12.99
Blu,Baker,2022-08-15,13.03
Blu,Baker,2022-08-08,13.38
Blu,Baker,2022-08-01,13.49
Blu,Baker,2022-07-25,13.48
Blu,Baker,2022-07-18,13.50
Blu,Baker,2022-07-11,13.52
Blu,Baker,2022-07-04,13.54
Blu,Baker,2022-06-27,13.58
Blu,Baker,2022-06-20,13.60
Blu,Baker,2022-06-13,13.61
Blu,Baker,2022-06-06,13.62
Blu,Baker,2022-05-30,13.64
Blu,Baker,2022-05-23,13.63
Blu,Baker,2022-05-16,13.61
Blu,Baker,2022-05-09,13.59
Blu,Baker,2022-05-02,13.59
Blu,Baker,2022-04-25,13.59
Blu,Baker,2022-04-18,13.59
Blu,Baker,2022-04-11,13.57
Blu,Baker,2022-04-04,13.47
Blu,Baker,2022-03-28,13.47
Blu,Baker,2022-03-21,13.46
Blu,Baker,2022-03-14,13.47
Blu,Baker,2022-03-07,13.47
Blu,Baker,2022-02-28,13.46
Blu,Baker,2022-02-21,13.37
Blu,Baker,2022-02-14,13.27
Blu,Baker,2022-02-07,13.25
Blu,Baker,2022-01-31,13.26
Blu,Baker,2022-01-24,13.26
Blu,Baker,2022-01-17,13.26
Blu,Baker,2022-01-10,13.26
Blu,Baker,2022-01-03,13.26
Blu,Baker,2021-12-27,13.26
Blu,Baker,2021-12-20,13.26
Blu,Baker,2021-12-13,13.25
Blu,Baker,2021-12-06,13.25
Blu,Baker,2021-11-29,13.25
Blu,Baker,2021-11-22,13.31
Blu,Baker,2021-11-15,13.32
Blu,Baker,2021-11-08,13.32
Blu,Baker,2021-11-01,13.33
Blu,Baker,2021-10-25,13.36
Blu,Baker,2021-10-18,13.31
Blu,Baker,2021-10-11,13.35
Blu,Baker,2021-10-04,13.36
Blu,Baker,2021-09-27,13.34
Blu,Baker,2021-09-20,13.32
Blu,Baker,2021-09-13,13.30
Blu,Baker,2021-09-06,13.30
Blu,Baker,2021-08-30,13.30
Blu,Baker,2021-08-23,13.34
Blu,Baker,2021-08-16,13.39
Blu,Baker,2021-08-09,13.37
Blu,Baker,2021-08-02,13.35
Blu,Baker,2021-07-26,13.39
Blu,Baker,2021-07-19,13.38
Blu,Baker,2021-07-12,13.35
Blu,Baker,2021-07-05,13.33
Blu,Baker,2021-06-28,13.25
Blu,Baker,2021-06-21,13.23
Blu,Baker,2021-06-14,13.28
Blu,Baker,2021-06-07,11.65
Blu,Baker,2021-05-31,13.36
Blu,Baker,2021-05-24,13.33
Blu,Baker,2021-05-17,13.30
Blu,Baker,2021-05-02,13.30
Blu,Baker,2021-04-26,13.30
Blu,Baker,2021-03-29,13.37
Blu,Baker,2021-03-15,13.38
Blu,Baker,2021-03-01,13.41
Blu,Baker,2021-02-22,13.43
Blu,Baker,2021-02-15,13.44
Blu,Baker,2021-02-08,13.45
Blu,Baker,2021-02-02,13.46
Blu,Baker,2021-01-04,13.39
Blu,Baker,2020-12-28,13.41
Blu,Baker,2020-12-21,13.48
Blu,Baker,2020-12-14,13.49
Blu,Baker,2020-12-07,13.47
Blu,Baker,2020-11-30,13.48
Blu,Baker,2020-11-23,13.46
Blu,Baker,2020-11-16,13.47
Blu,Baker,2020-11-09,13.49
Blu,Baker,2020-11-02,13.58
Blu,Baker,2020-10-26,13.72
Blu,Baker,2020-10-19,13.72
Blu,Baker,2020-10-12,13.47
Blu,Baker,2020-10-05,13.68
Blu,Baker,2020-09-28,13.93
Blu,Baker,2020-09-21,13.93
Blu,Baker,2020-09-14,13.92
Blu,Baker,2020-09-07,13.91
Blu,Baker,2020-08-31,13.90
Blu,Baker,2020-08-24,13.91
Blu,Baker,2020-08-17,13.91
Blu,Baker,2020-08-10,13.94
Blu,Baker,2020-08-03,13.96
Blu,Baker,2020-07-27,13.93
Blu,Baker,2020-07-20,13.85
Blu,Baker,2020-07-13,13.83
Blu,Baker,2020-07-06,13.76
Blu,Baker,2020-06-29,13.56
Blu,Baker,2020-06-22,13.16
Blu,Baker,2020-06-15,13.09
Blu,Baker,2020-06-08,13.09
Blu,Baker,2020-06-01,13.09
Blu,Baker,2020-05-25,13.09
Blu,Baker,2020-05-18,13.09
Blu,Baker,2020-05-11,13.09
Blu,Baker,2020-05-04,13.09
Blu,Baker,2020-04-27,13.09
Blu,Baker,2020-04-20,13.09
Blu,Baker,2020-04-13,13.09
Blu,Baker,2020-04-06,13.09
Blu,Baker,2020-03-30,13.09
Blu,Baker,2020-03-23,13.08
Blu,Baker,2020-03-16,13.04
Novak,Djokovic,2025-05-12,16.23
Novak,Djokovic,2025-05-05,16.23
Novak,Djokovic,2025-04-28,16.23
Novak,Djokovic,2025-04-21,16.25
Novak,Djokovic,2025-04-14,16.27
Novak,Djokovic,2025-04-07,16.26
Novak,Djokovic,2025-03-31,16.23
Novak,Djokovic,2025-03-24,16.21
Novak,Djokovic,2025-03-17,16.21
Novak,Djokovic,2025-03-10,16.23
Novak,Djokovic,2025-03-03,16.23
Novak,Djokovic,2025-02-24,16.27
Novak,Djokovic,2025-02-17,16.30
Novak,Djokovic,2025-02-10,16.30
Novak,Djokovic,2025-02-03,16.29
Novak,Djokovic,2025-01-27,16.26
Novak,Djokovic,2025-01-20,16.25
Novak,Djokovic,2025-01-13,16.27
Novak,Djokovic,2025-01-06,16.27
Novak,Djokovic,2024-12-30,16.26
Novak,Djokovic,2024-12-23,16.25
Novak,Djokovic,2024-12-16,16.22
Novak,Djokovic,2024-12-09,16.19
Novak,Djokovic,2024-12-02,16.14
Novak,Djokovic,2024-11-25,16.12
Novak,Djokovic,2024-11-18,16.10
Novak,Djokovic,2024-11-11,16.09
Novak,Djokovic,2024-11-04,16.05
Novak,Djokovic,2024-10-28,16.02
Novak,Djokovic,2024-10-21,15.98
Novak,Djokovic,2024-10-14,15.92
Novak,Djokovic,2024-10-07,15.88
Novak,Djokovic,2024-09-30,15.90
Novak,Djokovic,2024-09-23,15.91
Novak,Djokovic,2024-09-16,16.14
Novak,Djokovic,2024-09-09,16.28
Novak,Djokovic,2024-09-02,16.30
Novak,Djokovic,2024-08-26,16.30
Novak,Djokovic,2024-08-19,16.30
Novak,Djokovic,2024-08-12,16.30
Novak,Djokovic,2024-08-05,16.26
Novak,Djokovic,2024-07-29,16.22
Novak,Djokovic,2024-07-22,16.22
Novak,Djokovic,2024-07-15,16.22
Novak,Djokovic,2024-07-08,16.22
Novak,Djokovic,2024-07-01,16.22
Novak,Djokovic,2024-06-24,16.21
Novak,Djokovic,2024-06-17,16.19
Novak,Djokovic,2024-06-10,16.17
Novak,Djokovic,2024-06-03,16.20
Novak,Djokovic,2024-05-27,16.22
Novak,Djokovic,2024-05-20,16.22
Novak,Djokovic,2024-05-13,16.23
Novak,Djokovic,2024-05-06,16.23
Novak,Djokovic,2024-04-29,16.23
Novak,Djokovic,2024-04-22,16.22
Novak,Djokovic,2024-04-15,16.22
Novak,Djokovic,2024-04-08,16.20
Novak,Djokovic,2024-04-01,16.19
Novak,Djokovic,2024-03-25,16.16
Novak,Djokovic,2024-03-18,16.13
Novak,Djokovic,2024-03-11,16.12
Novak,Djokovic,2024-03-04,16.11
Novak,Djokovic,2024-02-26,16.10
Novak,Djokovic,2024-02-19,16.11
Novak,Djokovic,2024-02-12,16.14
Novak,Djokovic,2024-02-05,16.18
Novak,Djokovic,2024-01-29,16.25
Novak,Djokovic,2024-01-22,16.28
Novak,Djokovic,2024-01-18,16.30
Novak,Djokovic,2024-01-15,16.32
Novak,Djokovic,2024-01-08,16.32
Novak,Djokovic,2024-01-01,16.34
Novak,Djokovic,2023-12-25,16.35
Novak,Djokovic,2023-12-18,16.36
Novak,Djokovic,2023-12-11,16.37
Novak,Djokovic,2023-12-04,16.39
Novak,Djokovic,2023-11-27,16.41
Novak,Djokovic,2023-11-20,16.42
Novak,Djokovic,2023-11-13,16.45
Novak,Djokovic,2023-11-06,16.46
Novak,Djokovic,2023-10-30,16.46
Novak,Djokovic,2023-10-23,16.46
Novak,Djokovic,2023-10-16,16.46
Novak,Djokovic,2023-10-09,16.46
Novak,Djokovic,2023-10-02,16.46
Novak,Djokovic,2023-09-25,16.45
Novak,Djokovic,2023-09-18,16.45
Novak,Djokovic,2023-09-11,16.41
Novak,Djokovic,2023-09-04,16.39
Novak,Djokovic,2023-08-28,16.39
Novak,Djokovic,2023-08-21,16.39
Novak,Djokovic,2023-08-14,16.39
Novak,Djokovic,2023-08-07,16.39
Novak,Djokovic,2023-07-31,16.39
Novak,Djokovic,2023-07-24,16.39
Novak,Djokovic,2023-07-17,16.39
Novak,Djokovic,2023-07-10,16.39
Novak,Djokovic,2023-07-03,16.39
Novak,Djokovic,2023-06-26,16.39
Novak,Djokovic,2023-06-19,16.39
Novak,Djokovic,2023-06-12,16.34
Novak,Djokovic,2023-06-05,16.34
Novak,Djokovic,2023-05-29,16.34
Novak,Djokovic,2023-05-22,16.35
Novak,Djokovic,2023-05-15,16.35
Novak,Djokovic,2023-05-08,16.34
Novak,Djokovic,2023-05-01,16.36
Novak,Djokovic,2023-04-24,16.38
Novak,Djokovic,2023-04-17,16.39
Novak,Djokovic,2023-04-10,16.39
Novak,Djokovic,2023-04-03,16.37
Novak,Djokovic,2023-03-27,16.36
Novak,Djokovic,2023-03-13,16.36
Novak,Djokovic,2023-02-27,16.38
Novak,Djokovic,2023-02-13,16.37
Novak,Djokovic,2023-02-06,16.32
Novak,Djokovic,2023-01-30,16.29
Novak,Djokovic,2023-01-23,16.27
Novak,Djokovic,2023-01-16,16.27
Novak,Djokovic,2023-01-09,16.26
Novak,Djokovic,2023-01-02,16.26
Novak,Djokovic,2022-12-26,16.26
Novak,Djokovic,2022-12-19,16.27
Novak,Djokovic,2022-12-12,16.25
Novak,Djokovic,2022-12-05,16.25
Novak,Djokovic,2022-11-28,16.23
Novak,Djokovic,2022-11-21,16.22
Novak,Djokovic,2022-11-14,16.19
Novak,Djokovic,2022-11-07,16.18
Novak,Djokovic,2022-10-31,16.14
Novak,Djokovic,2022-10-24,16.13
Novak,Djokovic,2022-10-17,16.10
Novak,Djokovic,2022-10-10,16.07
Novak,Djokovic,2022-10-03,16.05
Novak,Djokovic,2022-09-26,16.05
Novak,Djokovic,2022-09-19,16.05
Novak,Djokovic,2022-09-12,16.02
Novak,Djokovic,2022-09-05,16.00
Novak,Djokovic,2022-08-29,16.00
Novak,Djokovic,2022-08-22,15.98
Novak,Djokovic,2022-08-15,15.97
Novak,Djokovic,2022-08-08,15.96
Novak,Djokovic,2022-08-01,15.95
Novak,Djokovic,2022-07-25,15.98
Novak,Djokovic,2022-07-18,16.02
Novak,Djokovic,2022-07-11,16.04
Novak,Djokovic,2022-07-04,16.07
Novak,Djokovic,2022-06-27,16.10
Novak,Djokovic,2022-06-20,16.12
Novak,Djokovic,2022-06-13,16.13
Novak,Djokovic,2022-06-06,16.14
Novak,Djokovic,2022-05-30,16.14
Novak,Djokovic,2022-05-23,16.14
Novak,Djokovic,2022-05-16,16.14
Novak,Djokovic,2022-05-09,16.14
Novak,Djokovic,2022-05-02,16.17
Novak,Djokovic,2022-04-25,16.30
Novak,Djokovic,2022-04-18,16.36
Novak,Djokovic,2022-04-11,16.38
Novak,Djokovic,2022-04-04,16.37
Novak,Djokovic,2022-03-28,16.36
Novak,Djokovic,2022-03-21,16.35
Novak,Djokovic,2022-03-14,16.35
Novak,Djokovic,2022-03-07,16.34
Novak,Djokovic,2022-02-28,16.34
Novak,Djokovic,2022-02-21,16.30
Novak,Djokovic,2022-02-14,16.30
Novak,Djokovic,2022-02-07,16.30
Novak,Djokovic,2022-01-31,16.30
Novak,Djokovic,2022-01-24,16.28
Novak,Djokovic,2022-01-17,16.26
Novak,Djokovic,2022-01-10,16.26
Novak,Djokovic,2022-01-03,16.26
Novak,Djokovic,2021-12-27,16.26
Novak,Djokovic,2021-12-20,16.26
Novak,Djokovic,2021-12-13,16.26
Novak,Djokovic,2021-12-06,16.26
Novak,Djokovic,2021-11-29,16.26
Novak,Djokovic,2021-11-22,16.26
Novak,Djokovic,2021-11-15,16.26
Novak,Djokovic,2021-11-08,16.26
Novak,Djokovic,2021-11-01,16.27
Novak,Djokovic,2021-10-25,16.27
Novak,Djokovic,2021-10-18,16.27
Novak,Djokovic,2021-10-11,16.25
Novak,Djokovic,2021-10-04,16.23
Novak,Djokovic,2021-09-27,16.22
Novak,Djokovic,2021-09-20,16.22
Novak,Djokovic,2021-09-13,16.23
Novak,Djokovic,2021-09-06,16.22
Novak,Djokovic,2021-08-30,16.19
Novak,Djokovic,2021-08-23,16.20
Novak,Djokovic,2021-08-16,16.19
Novak,Djokovic,2021-08-09,16.18
Novak,Djokovic,2021-08-02,16.18
Novak,Djokovic,2021-07-26,16.14
Novak,Djokovic,2021-07-19,16.14
Novak,Djokovic,2021-07-12,16.13
Novak,Djokovic,2021-07-05,16.10
Novak,Djokovic,2021-06-28,16.09
Novak,Djokovic,2021-06-21,16.05
Novak,Djokovic,2021-06-14,15.97
Novak,Djokovic,2021-06-07,15.90
Novak,Djokovic,2021-05-31,15.89
Novak,Djokovic,2021-05-24,15.89
Novak,Djokovic,2021-05-17,15.89
Novak,Djokovic,2021-05-02,15.89
Novak,Djokovic,2021-04-26,15.90
Novak,Djokovic,2021-03-29,15.87
Novak,Djokovic,2021-03-15,15.83
Novak,Djokovic,2021-03-01,15.82
Novak,Djokovic,2021-02-22,15.75
Novak,Djokovic,2021-02-15,15.73
Novak,Djokovic,2021-02-08,15.73
Novak,Djokovic,2021-02-02,15.73
Novak,Djokovic,2021-01-04,15.77
Novak,Djokovic,2020-12-28,15.77
Novak,Djokovic,2020-12-21,15.77
Novak,Djokovic,2020-12-14,15.77
Novak,Djokovic,2020-12-07,15.77
Novak,Djokovic,2020-11-30,15.77
Novak,Djokovic,2020-11-23,15.79
Novak,Djokovic,2020-11-16,15.79
Novak,Djokovic,2020-11-09,15.77
Novak,Djokovic,2020-11-02,15.78
Novak,Djokovic,2020-10-26,15.78
Novak,Djokovic,2020-10-19,15.76
Novak,Djokovic,2020-10-12,15.73
Novak,Djokovic,2020-10-05,15.82
Novak,Djokovic,2020-09-28,15.87
Novak,Djokovic,2020-09-21,15.93
Novak,Djokovic,2020-09-14,15.96
Novak,Djokovic,2020-09-07,15.97
Novak,Djokovic,2020-08-31,16.10
Novak,Djokovic,2020-08-24,16.12
Novak,Djokovic,2020-08-17,16.13
Novak,Djokovic,2020-08-10,16.14
Novak,Djokovic,2020-08-03,16.16
Novak,Djokovic,2020-07-27,16.17
Novak,Djokovic,2020-07-20,16.18
Novak,Djokovic,2020-07-13,16.18
Novak,Djokovic,2020-07-06,16.18
Novak,Djokovic,2020-06-29,16.18
Novak,Djokovic,2020-06-22,16.18
Novak,Djokovic,2020-06-15,16.18
Novak,Djokovic,2020-06-08,16.18
Novak,Djokovic,2020-06-01,16.18
Novak,Djokovic,2020-05-25,16.18
Novak,Djokovic,2020-05-18,16.18
Novak,Djokovic,2020-05-11,16.18
Novak,Djokovic,2020-05-04,16.18
Novak,Djokovic,2020-04-27,16.18
Novak,Djokovic,2020-04-20,16.18
Novak,Djokovic,2020-04-13,16.18
Novak,Djokovic,2020-04-06,16.18
Novak,Djokovic,2020-03-30,16.18
Novak,Djokovic,2020-03-23,16.18
Novak,Djokovic,2020-03-16,16.18
Andy,Murray,2025-05-12,14.90
Andy,Murray,2025-05-05,14.86
Andy,Murray,2025-04-28,14.86
Andy,Murray,2025-04-21,14.86
Andy,Murray,2025-04-14,14.87
Andy,Murray,2025-04-07,14.88
Andy,Murray,2025-03-31,15.00
Andy,Murray,2025-03-24,15.28
Andy,Murray,2025-03-17,15.28
Andy,Murray,2025-03-10,15.35
Andy,Murray,2025-03-03,15.39
Andy,Murray,2025-02-24,15.41
Andy,Murray,2025-02-17,15.43
Andy,Murray,2025-02-10,15.41
Andy,Murray,2025-02-03,15.40
Andy,Murray,2025-01-27,15.41
Andy,Murray,2025-01-20,15.48
Andy,Murray,2025-01-13,15.47
Andy,Murray,2025-01-06,15.46
Andy,Murray,2024-12-30,15.45
Andy,Murray,2024-12-23,15.45
Andy,Murray,2024-12-16,15.44
Andy,Murray,2024-12-09,15.42
Andy,Murray,2024-12-02,15.40
Andy,Murray,2024-11-25,15.40
Andy,Murray,2024-11-18,15.38
Andy,Murray,2024-11-11,15.35
Andy,Murray,2024-11-04,15.32
Andy,Murray,2024-10-28,15.26
Andy,Murray,2024-10-21,15.22
Andy,Murray,2024-10-14,15.20
Andy,Murray,2024-10-07,15.18
Andy,Murray,2024-09-30,15.18
Andy,Murray,2024-09-23,15.22
Andy,Murray,2024-09-16,15.43
Andy,Murray,2024-09-09,15.43
Andy,Murray,2024-09-02,15.41
Andy,Murray,2024-08-26,15.39
Andy,Murray,2024-08-19,15.38
Andy,Murray,2024-08-12,15.42
Andy,Murray,2024-08-05,15.42
Andy,Murray,2024-07-29,15.41
Andy,Murray,2024-07-22,15.41
Andy,Murray,2024-07-15,15.38
Andy,Murray,2024-07-08,15.37
Andy,Murray,2024-07-01,15.36
Andy,Murray,2024-06-24,15.36
Andy,Murray,2024-06-17,15.37
Andy,Murray,2024-06-10,15.35
Andy,Murray,2024-06-03,15.34
Andy,Murray,2024-05-27,15.37
Andy,Murray,2024-05-20,15.38
Andy,Murray,2024-05-13,15.36
Andy,Murray,2024-05-06,15.35
Andy,Murray,2024-04-29,15.33
Andy,Murray,2024-04-22,15.30
Andy,Murray,2024-04-15,15.30
Andy,Murray,2024-04-08,15.28
Andy,Murray,2024-04-01,15.24
Andy,Murray,2024-03-25,15.20
Andy,Murray,2024-03-18,15.18
Andy,Murray,2024-03-11,15.19
Andy,Murray,2024-03-04,15.18
Andy,Murray,2024-02-26,15.18
Andy,Murray,2024-02-19,15.19
Andy,Murray,2024-02-12,15.24
Andy,Murray,2024-02-05,15.27
Andy,Murray,2024-01-29,15.31
Andy,Murray,2024-01-22,15.36
Andy,Murray,2024-01-18,15.42
Andy,Murray,2024-01-15,15.47
Andy,Murray,2024-01-08,15.54
Andy,Murray,2024-01-01,15.56
Andy,Murray,2023-12-25,15.59
Andy,Murray,2023-12-18,15.61
Andy,Murray,2023-12-11,15.62
Andy,Murray,2023-12-04,15.63
Andy,Murray,2023-11-27,15.66
Andy,Murray,2023-11-20,15.69
Andy,Murray,2023-11-13,15.73
Andy,Murray,2023-11-06,15.76
Andy,Murray,2023-10-30,15.80
Andy,Murray,2023-10-23,15.82
Andy,Murray,2023-10-16,15.82
Andy,Murray,2023-10-09,15.82
Andy,Murray,2023-10-02,15.82
Andy,Murray,2023-09-25,15.82
Andy,Murray,2023-09-18,15.80
Andy,Murray,2023-09-11,15.77
Andy,Murray,2023-09-04,15.76
Andy,Murray,2023-08-28,15.74
Andy,Murray,2023-08-21,15.72
Andy,Murray,2023-08-14,15.70
Andy,Murray,2023-08-07,15.68
Andy,Murray,2023-07-31,15.68
Andy,Murray,2023-07-24,15.67
Andy,Murray,2023-07-17,15.62
Andy,Murray,2023-07-10,15.61
Andy,Murray,2023-07-03,15.59
Andy,Murray,2023-06-26,15.60
Andy,Murray,2023-06-19,15.64
Andy,Murray,2023-06-12,15.67
Andy,Murray,2023-06-05,15.67
Andy,Murray,2023-05-29,15.66
Andy,Murray,2023-05-22,15.68
Andy,Murray,2023-05-15,15.69
Andy,Murray,2023-05-08,15.67
Andy,Murray,2023-05-01,15.63
Andy,Murray,2023-04-24,15.62
Andy,Murray,2023-04-17,15.62
Andy,Murray,2023-04-10,15.62
Andy,Murray,2023-04-03,15.61
Andy,Murray,2023-03-27,15.61
Andy,Murray,2023-03-13,15.57
Andy,Murray,2023-02-27,15.54
Andy,Murray,2023-02-13,15.57
Andy,Murray,2023-02-06,15.56
Andy,Murray,2023-01-30,15.57
Andy,Murray,2023-01-23,15.55
Andy,Murray,2023-01-16,15.55
Andy,Murray,2023-01-09,15.57
Andy,Murray,2023-01-02,15.57
Andy,Murray,2022-12-26,15.57
Andy,Murray,2022-12-19,15.56
Andy,Murray,2022-12-12,15.56
Andy,Murray,2022-12-05,15.53
Andy,Murray,2022-11-28,15.53
Andy,Murray,2022-11-21,15.52
Andy,Murray,2022-11-14,15.52
Andy,Murray,2022-11-07,15.51
Andy,Murray,2022-10-31,15.51
Andy,Murray,2022-10-24,15.50
Andy,Murray,2022-10-17,15.50
Andy,Murray,2022-10-10,15.51
Andy,Murray,2022-10-03,15.51
Andy,Murray,2022-09-26,15.48
Andy,Murray,2022-09-19,15.45
Andy,Murray,2022-09-12,15.44
Andy,Murray,2022-09-05,15.38
Andy,Murray,2022-08-29,15.31
Andy,Murray,2022-08-22,15.31
Andy,Murray,2022-08-15,15.32
Andy,Murray,2022-08-08,15.31
Andy,Murray,2022-08-01,15.33
Andy,Murray,2022-07-25,15.35
Andy,Murray,2022-07-18,15.37
Andy,Murray,2022-07-11,15.37
Andy,Murray,2022-07-04,15.40
Andy,Murray,2022-06-27,15.41
Andy,Murray,2022-06-20,15.41
Andy,Murray,2022-06-13,15.41
Andy,Murray,2022-06-06,15.42
Andy,Murray,2022-05-30,15.44
Andy,Murray,2022-05-23,15.46
Andy,Murray,2022-05-16,15.47
Andy,Murray,2022-05-09,15.46
Andy,Murray,2022-05-02,15.43
Andy,Murray,2022-04-25,15.51
Andy,Murray,2022-04-18,15.55
Andy,Murray,2022-04-11,15.56
Andy,Murray,2022-04-04,15.55
Andy,Murray,2022-03-28,15.52
Andy,Murray,2022-03-21,15.51
Andy,Murray,2022-03-14,15.53
Andy,Murray,2022-03-07,15.52
Andy,Murray,2022-02-28,15.50
Andy,Murray,2022-02-21,15.47
Andy,Murray,2022-02-14,15.48
Andy,Murray,2022-02-07,15.49
Andy,Murray,2022-01-31,15.48
Andy,Murray,2022-01-24,15.46
Andy,Murray,2022-01-17,15.44
Andy,Murray,2022-01-10,15.47
Andy,Murray,2022-01-03,15.49
Andy,Murray,2021-12-27,15.49
Andy,Murray,2021-12-20,15.49
Andy,Murray,2021-12-13,15.49
Andy,Murray,2021-12-06,15.50
Andy,Murray,2021-11-29,15.50
Andy,Murray,2021-11-22,15.49
Andy,Murray,2021-11-15,15.47
Andy,Murray,2021-11-08,15.47
Andy,Murray,2021-11-01,15.45
Andy,Murray,2021-10-25,15.41
Andy,Murray,2021-10-18,15.36
Andy,Murray,2021-10-11,15.29
Andy,Murray,2021-10-04,15.28
Andy,Murray,2021-09-27,15.23
Andy,Murray,2021-09-20,15.20
Andy,Murray,2021-09-13,15.20
Andy,Murray,2021-09-06,15.17
Andy,Murray,2021-08-30,15.14
Andy,Murray,2021-08-23,15.12
Andy,Murray,2021-08-16,15.09
Andy,Murray,2021-08-09,15.08
Andy,Murray,2021-08-02,15.06
Andy,Murray,2021-07-26,15.02
Andy,Murray,2021-07-19,14.99
Andy,Murray,2021-07-12,14.98
Andy,Murray,2021-07-05,14.92
Andy,Murray,2021-06-28,14.80
Andy,Murray,2021-06-21,14.80
Andy,Murray,2021-06-14,14.80
Andy,Murray,2021-06-07,14.81
Andy,Murray,2021-05-31,14.81
Andy,Murray,2021-05-24,14.81
Andy,Murray,2021-05-17,14.81
Andy,Murray,2021-05-02,14.81
Andy,Murray,2021-04-26,14.81
Andy,Murray,2021-03-29,14.78
Andy,Murray,2021-03-15,14.79
Andy,Murray,2021-03-01,14.84
Andy,Murray,2021-02-22,14.89
Andy,Murray,2021-02-15,14.83
Andy,Murray,2021-02-08,14.79
Andy,Murray,2021-02-02,14.79
Andy,Murray,2021-01-04,14.85
Andy,Murray,2020-12-28,14.87
Andy,Murray,2020-12-21,14.88
Andy,Murray,2020-12-14,14.88
Andy,Murray,2020-12-07,14.88
Andy,Murray,2020-11-30,14.89
Andy,Murray,2020-11-23,14.89
Andy,Murray,2020-11-16,14.90
Andy,Murray,2020-11-09,14.90
Andy,Murray,2020-11-02,14.90
Andy,Murray,2020-10-26,14.90
Andy,Murray,2020-10-19,14.91
Andy,Murray,2020-10-12,14.94
Andy,Murray,2020-10-05,15.01
Andy,Murray,2020-09-28,15.11
Andy,Murray,2020-09-21,15.14
Andy,Murray,2020-09-14,15.18
Andy,Murray,2020-09-07,15.26
Andy,Murray,2020-08-31,15.30
Andy,Murray,2020-08-24,15.33
Andy,Murray,2020-08-17,15.35
Andy,Murray,2020-08-10,15.37
Andy,Murray,2020-08-03,15.40
Andy,Murray,2020-07-27,15.43
Andy,Murray,2020-07-20,15.46
Andy,Murray,2020-07-13,15.46
Andy,Murray,2020-07-06,15.46
Andy,Murray,2020-06-29,15.48
Andy,Murray,2020-06-22,15.49
Andy,Murray,2020-06-15,15.49
Andy,Murray,2020-06-08,15.49
Andy,Murray,2020-06-01,15.49
Andy,Murray,2020-05-25,15.49
Andy,Murray,2020-05-18,15.49
Andy,Murray,2020-05-11,15.49
Andy,Murray,2020-05-04,15.49
Andy,Murray,2020-04-27,15.49
Andy,Murray,2020-04-20,15.49
Andy,Murray,2020-04-13,15.49
Andy,Murray,2020-04-06,15.49
Andy,Murray,2020-03-30,15.49
Andy,Murray,2020-03-23,15.50
Andy,Murray,2020-03-16,15.51
Andy,Murray,2020-03-09,15.52
Andy,Murray,2020-03-02,15.53
Andy,Murray,2020-02-24,15.54
Andy,Murray,2020-02-17,15.54
Andy,Murray,2020-02-10,15.54
Andy,Murray,2020-02-03,15.54
Andy,Murray,2020-01-27,15.54
Andy,Murray,2020-01-20,15.54
Andy,Murray,2020-01-13,15.54
Andy,Murray,2020-01-06,15.54
Andy,Murray,2019-12-30,15.54
Andy,Murray,2019-12-23,15.54
Andy,Murray,2019-12-16,15.54
Andy,Murray,2019-12-09,15.54
Andy,Murray,2019-12-02,15.54
Andy,Murray,2019-11-25,15.54
Andy,Murray,2019-11-18,15.54
Andy,Murray,2019-11-11,15.54
Andy,Murray,2019-11-04,15.54
Andy,Murray,2019-10-28,15.52
Andy,Murray,2019-10-21,15.48
Andy,Murray,2019-10-14,15.41
Andy,Murray,2019-10-14,15.41
Andy,Murray,2019-10-07,15.30
Andy,Murray,2019-09-30,15.19
Andy,Murray,2019-09-23,15.13
Andy,Murray,2019-09-16,15.13
Andy,Murray,2019-09-09,15.13
Andy,Murray,2019-09-02,15.16
Andy,Murray,2019-08-26,15.20
Andy,Murray,2019-08-19,15.28
Andy,Murray,2019-08-12,15.29
Andy,Murray,2019-08-05,15.27
Andy,Murray,2019-07-29,15.26
Andy,Murray,2019-07-22,15.25
Andy,Murray,2019-07-16,15.24
Andy,Murray,2019-07-15,15.24
Andy,Murray,2019-07-08,15.24
Andy,Murray,2019-07-01,15.25
Andy,Murray,2019-06-24,15.27
Andy,Murray,2019-06-22,15.27
Andy,Murray,2019-06-17,15.27
Andy,Murray,2019-06-10,15.27
Andy,Murray,2019-06-03,15.27
Andy,Murray,2019-05-27,15.27
Andy,Murray,2019-05-20,15.27
Andy,Murray,2019-05-13,15.28
Andy,Murray,2019-05-06,15.30
Andy,Murray,2019-04-29,15.31
Andy,Murray,2019-04-29,15.31
Andy,Murray,2019-04-22,15.32
Andy,Murray,2019-04-19,15.33
Andy,Murray,2019-04-15,15.33
Andy,Murray,2019-04-15,15.33
Andy,Murray,2019-04-08,15.32
Andy,Murray,2019-04-01,15.32
Andy,Murray,2019-03-25,15.32
Andy,Murray,2019-03-18,15.31
Andy,Murray,2019-03-11,15.26
Andy,Murray,2019-03-04,15.23
Andy,Murray,2019-02-25,15.25
Andy,Murray,2019-02-18,15.28
Andy,Murray,2019-02-11,15.31
Andy,Murray,2019-02-04,15.33
Andy,Murray,2019-02-04,15.33
Andy,Murray,2019-01-28,15.35
Andy,Murray,2019-01-21,15.33
Andy,Murray,2019-01-14,15.33
Andy,Murray,2019-01-07,15.36
Andy,Murray,2018-12-31,15.38
Andy,Murray,2018-12-24,15.38
Andy,Murray,2018-12-17,15.37
Andy,Murray,2018-12-10,15.37
Andy,Murray,2018-12-03,15.37
Andy,Murray,2018-11-26,15.36
Andy,Murray,2018-11-19,15.36
Andy,Murray,2018-11-12,15.36
Andy,Murray,2018-11-05,15.36
Andy,Murray,2018-10-29,15.34
Andy,Murray,2018-10-22,15.32
Andy,Murray,2018-10-15,15.35
Andy,Murray,2018-10-08,15.36
Andy,Murray,2018-10-01,15.34
Andy,Murray,2018-09-24,15.33
Andy,Murray,2018-09-17,15.33
Andy,Murray,2018-09-10,15.33
Andy,Murray,2018-09-03,15.37
Andy,Murray,2018-07-16,15.72
Andy,Murray,2018-07-09,15.73
Andy,Murray,2018-06-11,15.79
Andy,Murray,2018-06-04,15.82
Andy,Murray,2018-05-28,15.81
Andy,Murray,2018-05-21,15.74
Andy,Murray,2018-05-14,15.70
Andy,Murray,2018-05-07,15.70
Andy,Murray,2018-04-30,15.65
Andy,Murray,2018-04-23,15.62
Andy,Murray,2018-04-16,15.61
Andy,Murray,2018-04-09,15.61
Andy,Murray,2018-04-02,15.61
Andy,Murray,2018-03-26,15.61
Andy,Murray,2018-03-19,15.58
Andy,Murray,2018-03-12,15.60
Andy,Murray,2018-03-05,15.76
Andy,Murray,2018-02-26,15.76
Andy,Murray,2018-02-19,15.77
Andy,Murray,2018-02-12,15.77
Andy,Murray,2018-02-05,15.78
Andy,Murray,2018-01-29,15.82
Andy,Murray,2018-01-22,15.84
Andy,Murray,2018-01-15,15.85
Andy,Murray,2018-01-08,15.88
Andy,Murray,2018-01-04,15.88
Andy,Murray,2018-01-01,15.87
Andy,Murray,2017-12-25,15.86
Andy,Murray,2017-12-18,15.86
Andy,Murray,2017-12-11,15.86
Andy,Murray,2017-12-04,15.87
Andy,Murray,2017-11-27,15.87
Andy,Murray,2017-11-20,15.87
Andy,Murray,2017-11-13,15.89
Andy,Murray,2017-11-06,15.89
Andy,Murray,2017-10-30,15.90
Andy,Murray,2017-10-23,15.92
Andy,Murray,2017-10-16,15.93
Andy,Murray,2017-10-09,15.93
Andy,Murray,2017-10-02,15.93
Andy,Murray,2017-09-25,15.94
Andy,Murray,2017-09-18,15.94
Andy,Murray,2017-09-11,15.94
Andy,Murray,2017-09-04,15.94
Andy,Murray,2017-08-28,15.97
Andy,Murray,2017-08-21,15.98
Andy,Murray,2017-08-14,15.98
Andy,Murray,2017-08-07,15.98
Andy,Murray,2017-07-31,15.98
Andy,Murray,2017-07-24,15.94
Andy,Murray,2017-07-17,15.94
Andy,Murray,2017-07-10,15.96
Andy,Murray,2017-07-03,16.00
Andy,Murray,2017-06-26,16.03
Andy,Murray,2017-06-19,16.04
Andy,Murray,2017-06-12,16.04
Andy,Murray,2017-06-05,16.04
Andy,Murray,2017-05-29,16.04
Andy,Murray,2017-05-22,16.09
Andy,Murray,2017-05-15,16.20
Andy,Murray,2017-05-08,16.23
Andy,Murray,2017-05-01,16.27
Andy,Murray,2017-04-24,16.28
Andy,Murray,2017-04-17,16.28
Andy,Murray,2017-04-10,16.28
Andy,Murray,2017-04-03,16.28
Andy,Murray,2017-03-27,16.29
Andy,Murray,2017-03-20,16.32
Andy,Murray,2017-03-13,16.34
Andy,Murray,2017-03-06,16.35
Andy,Murray,2017-02-27,16.34
Andy,Murray,2017-02-20,16.23
Andy,Murray,2017-02-13,16.23
Andy,Murray,2017-02-07,16.23
Andy,Murray,2017-01-30,16.23
Andy,Murray,2017-01-23,16.28
Andy,Murray,2017-01-16,16.28
Andy,Murray,2017-01-09,16.30
Andy,Murray,2017-01-02,16.30
Andy,Murray,2016-12-26,16.30
Andy,Murray,2016-12-19,16.30
Andy,Murray,2016-12-12,16.30
Andy,Murray,2016-12-05,16.30
Andy,Murray,2016-11-28,16.30
Andy,Murray,2016-11-21,16.29
Andy,Murray,2016-11-14,16.28
Andy,Murray,2016-11-07,16.27
Andy,Murray,2016-10-31,16.27
Andy,Murray,2016-10-24,16.28
Andy,Murray,2016-10-17,16.21
Andy,Murray,2016-10-10,16.21
Andy,Murray,2016-10-03,16.21
Andy,Murray,2016-09-26,16.22
Andy,Murray,2016-09-19,16.18
Andy,Murray,2016-09-12,16.17
Andy,Murray,2016-09-05,16.17
Andy,Murray,2016-08-29,16.23
Andy,Murray,2016-08-22,16.23
Andy,Murray,2016-08-15,16.23
Andy,Murray,2016-08-08,16.23
Andy,Murray,2016-08-01,16.25
Andy,Murray,2016-07-25,16.26
Andy,Murray,2016-07-18,16.12
Andy,Murray,2016-07-11,16.11
Andy,Murray,2016-07-04,16.11
Andy,Murray,2016-06-27,16.13
