f_name,l_name
Andrej,Martin
Danilo,Petrovic
Sameer,Kumar
Jorge,Delgado
Jakub,Kroslak
Yasuteru,Ishii
Martin,Damm
Jose Oscar,Diaz
Jakub,Novak
Alfonso,Costa
Toby,Martin
Alexandros,Voinea
Jose,Alonso
Gabriel,Blanco
Felipe,Mantilla
Alexandru,Pavel
Pedro,Gonzalez
Casper,Ruud
Ki Sung,Kim
Simon,Navarro
Fabian,Gonzalez
Man Hyo,Lee
Alejandro,Garcia
Diego,Sanchez
Flavio,Costa
A Ram,Kim
Toshiya,Suzuki
James,Palmer
Adam,Jones
Andres,Hernandez
Yo Sub,Yoon
Miguel Angel,Lopez
Martin,Joyce
Yilun,Wang
Joseph,Thomas
Jarisson Aquino,Silva
Emiliano,Massa
Lucas,Marin
Jacob,Johansson
Blu,Baker
Vaclav,Kucera
Ervin,Eleskovic
Alex,Beck
Novak,Djokovic
Germain,Simon
Pengfei,Sun
Daniel,Sela
Andy,Murray
Yang,Lu
Aljoscha,Thron
Alex,Clayton
Philip,Bester
Donald,Young
Tian Hao,Chen
Gianluca,Naso
Fabio,Fognini
Takahiro,Ittogi
Juan Carlos Manuel,Aguilar
Marin,Cilic
Evgeny,Korolev
Alex,Kuznetsov
Tonci,Peric
Jeremy,Chardy
Robin,Haase
Ahmad Asjad,Qureshi
Mischa,Zverev
Igor,Sijsling
Thiemo,De Bakker
Stefan Emilio,Gonzalez
Sam,Querrey
Ryan,Sweeting
Peter,Polansky
Alexandr,Dolgopolov
Ernests,Gulbis
Jesse,Levine
Pedro,Sousa
Daniel,Brands
Matthias,Bachinger
Jonathan,Eysseric
Santiago,Giraldo
Kei,Nishikori
Lukas,Lacko
Marc,Fischer
Matheus,Gonzalez
Pere,Riba
Martin,Klizan
Nick,Lindahl
Navinder Pal,Singh
Andrey,Golubev
Clint,Bowles
Thomaz,Bellucci
Tim,Smyczek
Franko,Skugor
Blaz,Kavcic
Gastao,Elias
Ryan,Harrison
Mikhail,Kukushkin
Alexandre,Sidorenko
Thomas,Fabbiano
Ricardas,Berankis
Grigor,Dimitrov
James,Ward
Sam,Groth
Chris,Eaton
Tim,Goransson
Leonardo,Mayer
Luka,Belic
Uladzimir,Ignatik
Carsten,Ball
Austin,Krajicek
Adrian,Mannarino
Yuya,Ito
Tatsuma,Ito
Karlis,Lejnieks
Bernard,Tomic
Jose Rubin,Statham
Brydan,Klein
Nikola,Mektic
Daniel,Silva
Jerzy,Janowicz
Guillaume,Rufin
Corbin,Fleming
Devin,Britton
Bruno,Agostinelli
Marsel,Ilhan
Illya,Marchenko
Stanislav,Vovk
John,Millman
Matthew,Ebden
Luke,Sorensen
James,Lemke
Antonio,Veic
Deo Ray,Brown
Cristobal,Saavedra Corvalan
Joao,Souza
Ruben,Bemelmans
Petar,Jelenic
Yannick,Mertens
Filip,Krajinovic
Reda,El Amrani
Evgeny,Donskoy
Peter,Gojowczyk
Gianni,Mina
Denis,Kudla
Yann,Marti
Agustin,Velotti
Steve,Johnson
Gerald,Melzer
Milos,Raonic
Benoit,Paire
Jack,Sock
Marius,Copil
Yan,Bai
Yuichi,Sugita
David,Goffin
Sergei,Bubka
Michael,Venus
Nicolaas,Scholtz
Felipe,Rios
Dusan,Lajovic
Guilherme,Clezar
Thomas,Schoorel
Albert,Ramos
Joao,Sousa
Maxime,Teixeira
Javier,Marti
Oliver,Golding
Daniel,Cox
Kenny,De Schepper
Johnny,Wang
Christian,Lindell
Guillermo,Olaso
Pavol,Cervenak
Robin,Kern
Daniel,Kosakowski
Dominic,Thiem
Vasek,Pospisil
Alessandro,Giannessi
Marcel,Rodrigues
Di,Wu
Zheng,Li
Ze,Zhang
Jurgen,Zopp
James,Duckworth
Vishnu,Vardhan
Yuki,Bhambri
Dino,Marcan
Dennis,Lajola
Dimitar,Kutrovsky
Facundo,Bagnis
Albano,Olivetti
Marko,Djokovic
Rhyne,Williams
Federico,Delbonis
Attila,Balazs
Robert,Farah
Aljaz,Bedene
Marco,Trungelliti
Sandro,Ehrat
Bradley,Klahn
Dennis,Novikov
Sergey,Betov
Nikolai,Fidirko
Peerakiat,Siriluethaiwattana
Sanam,Singh
Patrik,Rosenholm
Henri,Laaksonen
Benjamin,Mitchell
Mohamed,Safwat
Luke,Saville
Guido,Pella
Lucas,Pouille
Matteo,Viola
Filip,Veger
Cesar,Ramirez
Diego,Schwartzman
Gerard,Granollers
Roberto,Carballes Baena
Kevin,Krawietz
Mirza,Basic
Daniel,Evans
Kyle,Edmund
Elias,Ymer
Ante,Pavic
Nicolas,Barrientos
Eduardo,Struvay
Emilio,Gomez
Kevin,King
Christian,Harrison
Borna,Coric
Aldin,Setkic
Dennis,Novak
Filip,Peliwo
Romain,Bogaerts
Marton,Fucsovics
Jiri,Vesely
Aslan,Karatsev
Mikhail,Biryukov
Laslo,Djere
Karen,Khachanov
Nils,Langer
Aleksandr,Nedovyesov
Thanasi,Kokkinakis
Nick,Kyrgios
Damir,Dzumhur
Alejandro,Gonzalez
Taro,Daniel
Gonzalo,Lama
Tigre,Hank
Hicham,Khaddari
Facundo,Arguello
Radu,Albot
Stefano,Travaglia
Marco,Cecchinato
Nikola,Milojevic
Mate,Delic
Jason,Kubler
Axel,Michon
Mate,Pavic
Blaz,Rola
Kimmer,Coppejans
Daniel,Smethurst
Tim,Puetz
Markus,Eriksson
Renzo,Olivo
Clay,Thompson
Alexander,Zverev
Steven,Diez
Frances,Tiafoe
Brayden,Schnur
Chase,Buchanan
James,Mcgee
Noah,Rubin
Jared,Donaldson
Kento,Takeuchi
Xin,Gao
Bowen,Ouyang
Egor,Gerasimov
Chuhan,Wang
Victor,Baluda
Norbert,Gombos
Ramkumar,Ramanathan
Nikoloz,Basilashvili
Jordan,Thompson
Laurent,Lokoli
Hiroki,Moriya
Nicolas,Jarry
Toni,Androic
Stefan,Kozlov
Andrey,Rublev
Andres,Molteni
Guido,Andreozzi
Hong,Chung
Arthur,De Greef
Jaume,Munar
Cem,Ilkel
Bastian,Trinker
Matteo,Donati
Federico,Gaio
Andrea,Arnaboldi
Maxime,Hamou
Yoshihito,Nishioka
Germain,Gigounon
Liam,Broady
Marcelo,Demoliner
Alexander,Sarkissian
Calvin,Hemery
Darian,King
Bjorn,Fratangelo
Ryan,Shane
Yaraslav,Shyla
Yasutaka,Uchiyama
Ze,Zhang
Mikael,Ymer
Maximilian,Marterer
Lucas,Miedler
Jozef,Kovalik
Quentin,Halys
Omar,Jasika
Gonzalo,Escobar
Alexandar,Lazov
Taylor,Fritz
Tommy,Paul
Thiago,Monteiro
Reilly,Opelka
Pablo,Carreno Busta
Roberto,Bautista Agut
Pedro,Cachin
Salvatore,Caruso
Cristian,Garin
Daniil,Medvedev
Adam,Pavlasek
Gregoire,Barrere
Mathias,Bourgue
Ernesto,Escobedo
Alexander,Ward
Tristan,Lamasine
Matthew,Barton
Marcus,Willis
Isak,Arvidsson
Fred,Simonsson
Nicolas,Kicker
Antoine,Bellier
Michael,Linzer
Denis,Shapovalov
Christopher,Eubanks
Tim,Van Rijthoven
Mackenzie,Mcdonald
Saketh,Myneni
Michael,Mmoh
Jan,Satral
Andrew,Whittington
Yannick,Maden
Alexander,Bublik
Alex,De Minaur
Marko,Tepavac
Tallon,Griekspoor
Stefanos,Tsitsipas
Akira,Santillan
Amine,Ahouda
Gianluigi,Quinzi
Joao,Domingues
Daniel,Masur
Yannick,Hanfmann
Daniel,Altmaier
Roberto,Marcora
Tennys,Sandgren
Stefano,Napolitano
Jason,Jung
Cameron,Norrie
Lloyd,Harris
Sebastian,Ofner
Mitchell,Krueger
Marc,Polmans
Miljan,Zekic
Lorenzo,Giustino
Gleb,Sakharov
Manuel,Sanchez
Evan,King
Sekou,Bangoura
Alex,Bolt
Dominik,Koepfer
Jc,Aragone
Patrick,Kypson
Vaclav,Safranek
Yifan,Wu
Nicola,Kuhn
Matteo,Berrettini
Sumit,Nagal
Ricardo,Ojeda Lara
Liam,Caruana
Alexei,Popyrin
Aleksandar,Vukic
Carlos,Taberner
Roberto,Quiroz
Corentin,Moutet
Dimitar,Kuzmanov
Adrian,Andreev
Sebastian,Korda
Hugo,Gaston
Ilya,Ivashka
Lucas,Gomez
Miomir,Kecmanovic
Alexey,Vatutin
Lorenzo,Sonego
Zsombor,Piros
Filippo,Baldi
Bernabe,Zapata Miralles
Federico,Coria
Filip,Horansky
Maxime,Janvier
Hubert,Hurkacz
Max,Purcell
Rudolf,Molleker
Jaime,Clarke
Zdenek,Kolar
Nino,Serdarusic
Prajnesh,Gunneswaran
Oriol,Roca Batalla
Viktor,Galovic
Takanyi,Garanganga
Marcos,Giron
Yusuke,Watanuki
Ugo,Humbert
Jenson,Brooksby
Evgeny,Karlovskiy
Oscar,Otte
Antoine,Hoang
Hugo,Dellien
Constant,Lestienne
Gerardo,Lopez Villasenor
Pedro,Sakamoto
Pedro,Martinez
Pedja,Krstin
Lucas,Catarina
Jannik,Sinner
Alejandro,Davidovich Fokina
Alexandre,Muller
Elliot,Benchetrit
Jurij,Rodionov
Jc,Aragone
Altug,Celikbilek
Kamil,Majchrzak
Mikael,Torpegaard
Raymond,Sarmiento
Julian,Lenz
Alibek,Kachmazov
Gianluca,Mager
Andrew,Harris
Emil,Ruusuvuori
Enzo,Couacaud
Brandon,Nakashima
Thiago,Seyboth Wild
Carlos,Alcaraz
Lorenzo,Musetti
Alejandro,Tabilo
Maxime,Cressy
Ulises,Blanch
Arthur,Rinderknech
Harold,Mayot
Daniel Elahi,Galan
Giulio,Zeppieri
Andrea,Pellegrino
Roman,Safiullin
Zizou,Bergs
Vitaliy,Sachko
Benjamin,Bonzi
Jonas,Forejtek
Kacper,Zuk
Alex,Molcan
Michael,Vrbensky
Dane,Sweeny
Mario,Vilella Martinez
Thomas,Fancutt
Botic,Van De Zandschulp
Blake,Mott
Frederico,Ferreira Silva
Tomas Martin,Etcheverry
Francisco,Cerundolo
Mariano,Barrios
Soutatsu,Mochizuki
Sebastian,Baez
Holger,Rune
Eduardo,Nava
Nuno,Borges
Mats,Moraing
Arthur,Cazaux
Dominic,Stricker
Jack,Draper
Alastair,Gray
Lukas,Klein
Johan,Nikles
Leandro,Riedi
Vit,Kopriva
Nicolas,Mejia
Duje,Ajdukovic
Alexander,Erler
Sam,Riffice
Zachary,Svajda
Timofey,Skatov
August,Holmgren
Borna,Gojo
Evgenii,Tiurnev
Andrea,Vavassori
Viktor,Durasovic
Rinky,Hijikata
Jiri,Lehecka
Tomas,Machac
Hugo,Grenier
Juncheng,Shang
Gijs,Brouwer
Pavel,Kotov
Manuel,Guinard
Hamad,Medjedovic
Carlos,Gimeno Valero
Francesco,Passaro
Matteo,Arnaldi
Camilo,Ugo Carabelli
Santiago Fa,Rodriguez Taverna
Franco,Agamenone
Paul,Jubb
Ryan,Peniston
Alexander,Ritschard
Luca,Nardi
Filip,Misolic
Hernan,Casanova
Nick,Chappell
Gonzalo,Villanueva
Ben,Shelton
Learner,Tien
Brandon,Holt
Evan,Furness
Facundo,Mena
Andrej,Kovacevic
Kaichi,Uchida
Geoffrey,Blancaneaux
Alexandar,Lazarov
Yshai,Oliel
Alexander,Shevchenko
Sho,Shimabukuro
Francesco,Maestrelli
Flavio,Cobolli
Jesper,De Jong
Luca,Van Assche
Michael,Geerts
Sasi Kumar,Mukund
Dalibor,Svrcina
Oleksii,Krutykh
Yu Hsiou,Hsu
Luciano,Darderi
Alex,Rybakov
Arthur,Fils
Clement,Chidekh
Matija,Pecotic
Abedallah,Shelbayh
Joao,Fonseca
Miguel,Alves
Rodrigo,Pacheco Mendez
Jacopo,Berrettini
Riccardo,Bonadio
Felipe,Meligeni Alves
Henrique,Rocha
Younes,Lalami Laaroussi
Valentin,Vacherot
Ivan,Gakhov
Daniel,Rincon
Marvin,Rehberg
Fabian,Marozsan
Alvaro,Lopez San Martin
Facundo,Diaz Acosta
Genaro Alberto,Olivieri
Li,Tu
George,Loffhagen
Jan,Choinski
Leo,Borg
Otto,Virtanen
Alex,Michelsen
Ethan,Quinn
Gabriel,Diallo
Yunseong,Chung
Dino,Prizmic
Martin,Landaluce
Skander,Mansouri
Kiranpal,Pannu
Strong,Kirchheimer
Jakub,Mensik
Nicolas,Moreno De Alboran
Tao,Mu
Jie,Cui
Philip,Sekulic
Ye Cong,Mo
Rigele,Te
Denis,Yevseyev
Beibit,Zhukayev
Terence,Atmane
Mark,Lajal
Karl,Friberg
Benjamin,Hassan
Matteo,Martineau
Mate,Valkusz
Billy,Harris
Adam,Walton
Antoine,Escoffier
Pablo,Llamas Ruiz
Mariano,Navone
Roman Andres,Burruchaga
Adam,Neff
Francisco,Comesana
Seong Chan,Hong
Dali,Blanch
David,Jorda Sanchis
Alejandro,Moro Canas
Marko,Topo
Matteo,Gigante
Nikolas,Sanchez Izquierdo
Henri,Squire
Gustavo,Heide
Tristan,Schoolkate
Jacob,Fearnley
James,Mccabe
Giles,Hussey
Charles,Broom
Arthur,Fery
Mattia,Bellucci
Henry,Searle
Jaime,Faria
Titouan,Droguet
Nick,Hardt
Chun Hun,Wong
Andrea,Collarini
Lukas,Neumayer
Mladen,Dodig
Eliot,Spizzirri
Yi,Zhou
Facundo,Gomez
Justin,Engel
Alexander,Blockx
Jerome,Kym
Joel,Schwaerzler
Branko,Djuric
Mauricio,Garcia
Yao Zhong,Zhang
Logan,Smith
Marco,Navarra
Mina,Albert
Reuben,Henry
Jean,Andersen
Evgeny,Kirillov
Daniel,Luque
Robin,Roshardt
Grzegorz,Panfil
Julian,Guzman
Dan,Martin
Greg,Jones
Benjamin,Rodriguez
Arsenije,Zlatanovic
Kittipong,Wachiramanowong
Henri,Kontinen
Karim Mohamed,Maamoun
Ivan,Sergeyev
Alexander,Sadecky
Dusan,Lojda
Ilya,Belyaev
Fernando,Romboli
Laurynas,Grigelis
Peter,Torebko
Kristijan,Mesaros
Blake,Strode
Nicolas,Meister
Maxime,Authom
Andrei,Vasilevski
Philip,Davydenko
Niels,Desein
Edward,Corrie
Matt,Reid
Wishaya,Trongcharoenchaikul
Milos,Sekulic
Jeevan,Nedunchezhiyan
Karim,Hossam
Andres,Artunedo Martinavarro
Patrick,Ciorcila
Martin,Vaisse
Nathan,Pasha
Fabiano,De Paula
Eric,Quigley
David,Vega Hernandez
Antoni,Gomez
Matteo,Trevisan
Takuto,Niki
Oliver,Anderson
Finn,Tearney
Luis,Patino
Carl,Soderlund
Nikola,Cacic
Joris,De Loore
Anil,Yuksel
Orlando,Luz
Riccardo,Bellotti
Alexios,Halebian
Edan,Leshem
Alessandro,Bega
Petros,Chrysochos
Yusuke,Takahashi
Arjun,Kadhe
Alexander,Donski
Emil,Reinberg
Marcelo,Arevalo
Collin,Altamirano
Andrea,Basso
Ergi,Kirkin
Gian Marco,Moroni
Joao,Monteiro
Rayane,Roumane
Artem,Dubrivnyy
Alen,Avidzba
Dmitry,Popko
Harry,Bourchier
Joao,Menezes
Petros,Tsitsipas
Raul,Brancaccio
Trent,Bryde
Nicolas,Alvarez Varona
William,Blumberg
Daniel,Dutra Da Silva
Mili,Poljicak
Alexis,Galarneau
Michail,Pervolarakis
Dragos Nicolae,Madaras
Rio,Noguchi
Yuta,Shimizu
Gilles Arnaud,Bailly
Adam,Moundir
Louis,Wessels
Omni,Kumar
Benjamin,Lock
Ugo,Blanchet
Aziz,Dougaz
Javier,Barranco Cosano
Sebastian,Fanselow
Luka,Mikrut
Maks,Kasnikowski
Kyrian,Jacquet
Fajing,Sun
Raphael,Collignon
Theo,Papamalamis
